구분,팝업스토어,기간,시작 날짜,종료 날짜,권역,위치,태그
F&B,우무 팝업스토어,24.01.01 - 24.02.29,24.01.01,24.02.29,제주,제주특별자치도 제주시 공항로 2 제주국제공항 1층 3번 게이트 앞,"푸딩, 디저트, 굿즈, 콜라보, 뷰티, 코스메틱, 비누, 선물, 전시, 체험"
뷰티,셀바티코 팝업스토어 in 더현대서울,24.01.02 - 24.01.11,24.01.02,24.01.11,여의도,서울특별시 영등포구 여의대로 108 파크원 1층 GATE 3 앞,"바디케어, 비누, 캔들, 바디워시, 핸드워시, 핸드크림, 향, 유럽, 럭셔리"
뷰티,셀바티코 팝업스토어 in 현대무역점,24.01.02 - 24.01.21,24.01.02,24.01.21,강남,서울특별시 강남구 테헤란로 517 현대백화점 무역센터점 7층 에스컬레이터 옆 보이드,"바디케어, 비누, 캔들, 바디워시, 핸드워시, 핸드크림, 향, 유럽, 럭셔리"
뷰티,해피새해용 팝업,24.01.02 - 24.01.31,24.01.02,24.01.31,성수,서울특별시 성동구 아차산로11길 7 (주)아세아이엔티 아모레성수,"새해, 선물, 뷰티, 코스메틱, 전시, 메이크업, 체험"
F&B,레자미오네뜨 팝업스토어,24.01.02 - 24.01.24,24.01.02,24.01.24,강남,서울특별시 서초구 신반포로 176 센트럴시티 신세계백화점 강남점 B1,"붕어빵, 크붕이, 베이커리, 빵, 디저트"
캐릭터/IP,테디베어 팝업스토어,24.01.02 - 24.02.29,24.01.02,24.02.29,명동,서울특별시 중구 남대문로 67 롯데영플라자 롯데백화점 본점 영플라자 5F,"인형, 굿즈, 포토존, 캐릭터, 곰"
반려동물/식물,PETHROOM POP-UP STORE,24.01.03 - 24.01.23,24.01.03,24.01.23,강남,서울특별시 강남구 압구정로 343 갤러리아백화점 5층,"강아지, 고양이, 반려동물, 애견용품"
뷰티,토일렛페이퍼뷰티 팝업스토어 in 갤러리아 압구정,24.01.03 - 24.01.19,24.01.03,24.01.19,강남,서울특별시 강남구 압구정로 407 갤러리아백화점 명품관EAST 1층,"샴푸, 핸드워시, 바디워시, 캔들, 비누, 립밤, 디퓨저, 향, 파자마"
뷰티,셀바티코 팝업스토어 in 현대천호점,24.01.03 - 24.01.28,24.01.03,24.01.28,강동,서울특별시 강동구 천호대로 1005 현대백화점 1층 행사장,"바디케어, 비누, 캔들, 바디워시, 핸드워시, 핸드크림, 향, 유럽"
향수/향,로렌조 빌로레시 팝업스토어 in 갤러리아 압구정,24.01.03 - 24.01.19,24.01.03,24.01.19,강남,서울특별시 강남구 압구정로 407 갤러리아백화점 1F 팝업매장,"향수, 향, 룸스프레이, 캔들, 유럽, 럭셔리"
캐릭터/IP,무무씨네 편의점 in 성수,24.01.03 - 24.01.16,24.01.03,24.01.16,성수,서울특별시 성동구 연무장길 38-1 엘리자베스빌딩 도어투성수,"GS25, 편의점, 굿즈, 캐릭터, 여우"
뷰티,fwee : Feel your moment,24.01.04 - 24.01.17,24.01.04,24.01.17,여의도,서울특별시 영등포구 여의대로 108 파크원 B2층 EAST 팝업존,"쿠션, 화장품, 뷰티, 블러셔, 립, 코스메틱, 메이크업, 립앤치크"
F&B,오우드 팝업스토어 in 신세계백화점 강남점,24.01.04 - 24.01.25,24.01.04,24.01.25,강남,서울특별시 서초구 신반포로 176 센트럴시티 신세계백화점 강남점 B1,"오우드, 디저트, 브리오슈, 베이커리, 카페, 브리오슈번, 빵"
엔터테인먼트,케이팝머치 팝업스토어,24.01.04 - 24.01.14,24.01.04,24.01.14,강남,서울특별시 강남구 강남대로 426 진우빌딩 일상비일상의틈 5층,"케이팝, 아이돌, 포토존, 굿즈, 럭키드로우"
패션/잡화,SyndromeZ SEOUL POP-UP,24.01.04 - 24.01.07,24.01.04,24.01.07,성수,서울특별시 성동구 성수이로 74 (주)서울지류유통,"패션, 의류, 퓨처리즘, AI, 컬렉션, 공연, 토크쇼, 남성, 지올팍, 궤도"
패션/잡화,RSSC X 더현대서울 팝업스토어,24.01.04 - 24.01.10,24.01.04,24.01.10,여의도,서울특별시 영등포구 여의대로 108 파크원 더현대 서울 B2층 WEST ZONE,"패션, 의류, 디자이너, 컬렉션, 선공개, 럭키드로우, 캐주얼, 자켓, 카고, 레더, 가죽, 유니섹스"
캐릭터/IP,<키크니와 값진 물건들> 팝업스토어,24.01.04 - 24.01.10,24.01.04,24.01.10,여의도,서울특별시 영등포구 여의대로 108 파크원 B2 아이코닉존,"캐릭터, 굿즈, 일러스트"
캐릭터/IP,브레드이발소 팝업스토어,24.01.04 - 24.01.17,24.01.04,24.01.17,강남,서울특별시 강남구 봉은사로 524 코엑스인터콘티넨탈서울 스타필트 코엑스몰 지하 1층 메가박스 앞,"캐릭터, 굿즈, 애니메이션, 만화, 포토존"
캐릭터/IP,<더 퍼스트 슬램덩크> Thanks pop-up,24.01.04 - 24.01.31,24.01.04,24.01.31,홍대,서울특별시 마포구 양화로 188 애경타워 AK플라자 홍대 3층 AK플라자 홍대 3층,"캐릭터, 굿즈, 애니메이션, 만화, 포토존, 전시"
뷰티,BALANX 팝업스토어,24.01.05 - 24.01.18,24.01.05,24.01.18,대구,대구광역시 중구 달구벌대로 2077 (현대백화점) 더현대대구 지하2층 크리에이티브라운지,"뷰티, 코스메틱, 데이터, AI, 스킨케어, 뷰티테크, 피부진단, 두피"
F&B,니커버커 베이글 팝업스토어,24.01.05 - 24.01.11,24.01.05,24.01.11,강남,서울특별시 강남구 테헤란로 517 현대백화점 지하1층 에스컬레이터 옆 행사장,"베이글, 샌드위치, 디저트, 베이커리, 빵, 브런치"
F&B,근제베이커리 팝업스토어,24.01.05 - 24.01.11,24.01.05,24.01.11,강남,서울특별시 강남구 테헤란로 517 현대백화점 지하1층 에스컬레이터 옆 행사장,"디저트, 빵, 수플레, 베이커리, 카스테라"
F&B,더 오리지날 골드바 위스키 팝업스토어,24.01.05 - 24.01.14,24.01.05,24.01.14,여의도,서울특별시 영등포구 여의대로 108 파크원 지하 1층 중앙에스컬레이터 옆,"주류, 위스키, 이니셜, 각인, 금괴, 골드바, 발렌타인데이"
F&B,브리스피자 팝업스토어,24.01.05 - 24.01.14,24.01.05,24.01.14,여의도,서울특별시 영등포구 여의대로 108 파크원 지하 1층 식품행사장,"피자, 시카고피자, 조각피자, 가성비, 치즈"
F&B,링고노모리 팝업스토어,24.01.05 - 24.01.14,24.01.05,24.01.14,여의도,서울특별시 영등포구 여의대로 108 파크원 지하 1층 식품행사장,"디저트, 링고아메, 캔디애플, 일본, 사과, 사과사탕, 탕후루"
F&B,XURRERIA 츄러스 팝업스토어,24.01.05 - 24.01.14,24.01.05,24.01.14,여의도,서울특별시 영등포구 여의대로 108 파크원 지하 1층 식품행사장,"츄러스, 디저트, 스페인, 커피, 베이커리"
F&B,오벤져스 붕어빵 베이커리 팝업스토어,24.01.05 - 24.01.17,24.01.05,24.01.17,잠실,서울특별시 송파구 올림픽로 300 롯데월드타워앤드롯데월드몰 B1층 도토리숲 앞 팝업,"붕어빵, 디저트, 베이커리, 크로플, 크루아상, 캐릭터, 오리, 굿즈"
패션/잡화,팔시보 X 리멤버제인 팝업스토어,24.01.05 - 24.01.07,24.01.05,24.01.07,홍대,서울특별시 마포구 동교로38안길 17 수앤지빌 1층,"패션, 잡화, 가방, 디자이너, 새들백, 핸드백, 가죽, 백"
패션/잡화,MOAT POP-UP STORE,24.01.05 - 24.01.11,24.01.05,24.01.11,강남,서울특별시 강남구 테헤란로 517 현대백화점 무역센터점 5F 팝업존,"패션, 의류, 디자이너, 컬렉션 코트, 자켓, 가디건, 여성, 트렌디, 페미닌, 하이엔드"
패션/잡화,Fluffy Keyring News 2024,24.01.05 - 24.02.29,24.01.05,24.02.29,종로,서울특별시 종로구 필운대로 6-1 아이에스빌딩 2층,"가방, 잡화, 소품, 굿즈, 키링, 인형, 소품샵"
향수/향,록시땅 에스파스 퍼품 바 팝업스토어,24.01.05 - 24.02.28,24.01.05,24.02.28,한남,서울특별시 용산구 이태원로 237 록시땅 에스파스 스토어,"향수, 향, 플라워, 컬렉션, 퍼퓸바"
F&B,정오모찌 팝업스토어,24.01.06 - 24.02.05,24.01.06,24.02.05,강남,서울특별시 강남구 테헤란로 517 현대백화점 B1층,"모찌, 찹쌀떡, 디저트, 떡, 베이커리, 프리미엄, 선물"
패션/잡화,틴스튜디오 팝업스토어,24.01.06 - 24.01.07,24.01.06,24.01.07,성수,서울특별시 성동구 성수이로18길 20,"패션, 의류, 공연, 제작, 체험, 플리마켓, 전시, 포토부스, 후드티, 티셔츠, 유니섹스"
문화/예술,GLIMMERING WAVES 세리세라 전시 팝업,24.01.09 - 24.01.22,24.01.09,24.01.22,성수,서울특별시 성동구 연무장17길 10 B1 DDMMYY,"도자기, 전시, 예술, 작품"
뷰티,헤라 서울 레드 팝업,24.01.09 - 24.02.28,24.01.09,24.02.28,성수,서울특별시 성동구 아차산로11길 7 (주)아세아이엔티 아모레성수,"뷰티, 코스메틱, 메이크업, 립스틱"
캐릭터/IP,벨리곰 팝업스토어 in 부산 센텀 롯백,24.01.10 - 24.01.31,24.01.10,24.01.31,부산,부산광역시 해운대구 센텀남대로 59 롯데백화점센텀시티점 롯데백화점샌텀시티점 1층,"캐릭터, 굿즈, 곰, 인형, 포토존"
문화/예술,비행 BE+行,24.01.11 - 24.01.30,24.01.11,24.01.30,건대,서울특별시 광진구 천호대로 549 지타워 지하 1층,"전시, 그림, 작품, 예술, 디자인, 작가"
스포츠/건강,풋볼스탠다드 x 롯데프리미엄아울렛(기흥점) 팝업스토어,24.01.11 - 24.01.24,24.01.11,24.01.24,기타,경기도 용인시 기흥구 신고매로 124 롯데프리미엄아울렛 기흥점 B1층,"스포츠, 축구, 패션, 의류, 티셔츠, 체험, 굿즈"
엔터테인먼트,미노이 팝업스토어,24.01.11 - 24.01.17,24.01.11,24.01.17,여의도,서울특별시 영등포구 여의대로 108 파크원 B2F POP-UP ICONIC,"아티스트, 가수, 굿즈, 티셔츠, 키링"
패션/잡화,BAUF 바우프 팝업스토어,24.01.11 - 24.01.17,24.01.11,24.01.17,여의도,서울특별시 영등포구 여의대로 108 파크원 더현대서울 B2 WEST ZONE,"패션, 의류, 모자, 자켓, 후드티, 컬렉션, 디자이너, 캐주얼, 트루퍼햇, 유니섹스"
패션/잡화,쿨키튼 팝업스토어,24.01.11 - 24.01.24,24.01.11,24.01.24,여의도,서울특별시 영등포구 여의대로 108 파크원 더현대서울 지하 2층 아이코닉존,"패션, 의류, 여성, 가방, 캐주얼, 콜라보, 잡화, 편집샵"
캐릭터/IP,투니크 합정점X개구리 중사 케로로 팝업,24.01.11 - 24.02.12,24.01.11,24.02.12,홍대,서울특별시 마포구 양화로 78-17 2층,"디저트, 캐릭터, 콜라보, 애니메이션, 만화, 카페, 굿즈, 베이커리"
리빙/라이프스타일,Service Manual 팝업스토어,24.01.12 - 24.01.28,24.01.12,24.01.28,강남,서울특별시 강남구 강남대로162길 35 1층 나이스웨더 마켓,"빈티지, 굿즈, 잡화, 소품"
문화/예술,유실물 보관소,24.01.12 - 24.01.28,24.01.12,24.01.28,성수,서울특별시 성동구 서울숲6길 8-1 수덕빌딩 3층,"전시, 일러스트, 그림, 감성"
뷰티,쿠오카X뵈르 팝업스토어,24.01.12 - 24.02.23,24.01.12,24.02.23,성수,서울특별시 성동구 성수동2가 316-20 1층,"바디케어, 핸드크림, 향, 콜라보"
F&B,누하스 X 붕어유랑단 팝업스토어,24.01.12 - 24.01.14,24.01.12,24.01.14,성수,서울특별시 성동구 상원1길 7 YM타워 1층,"붕어빵, 베이커리, 디저트, 안마의자, 힐링, 체험"
F&B,올드페리도넛 팝업스토어,24.01.12 - 24.01.21,24.01.12,24.01.21,대학로,서울특별시 성북구 동소문로 315 현대백화점미아점 지하 1층 식품관,"도넛, 디저트, 베이커리, 카페, 빵"
F&B,오뚜기X귤메달 <FIND YOUR FAVORITE CITRUS>,24.01.12 - 24.02.15,24.01.12,24.02.15,강남,"서울특별시 강남구 봉은사로51길 19 지하 1층, 지상 1층","주스, 과일, 음식, 디저트, 시트러스, 콜라보, 전시, 체험"
엔터테인먼트,RIIZE UP 팝업스토어,24.01.12 - 24.01.18,24.01.12,24.01.18,신촌,서울특별시 서대문구 신촌로 83 현대백화점신촌점 U-PLEX B2F,"케이팝, 아이돌, SM, 굿즈, 전시"
엔터테인먼트,Aespa : My First Page 팝업스토어,24.01.12 - 24.01.21,24.01.12,24.01.21,잠실,서울특별시 송파구 올림픽로 300 롯데월드타워앤드롯데월드몰 1F 아트리움,"케이팝, 아이돌, SM, 굿즈, 포토존, 럭키드로우"
엔터테인먼트,한국 최초 뮤지컬 특별전,24.01.12 - 24.06.30,24.01.12,24.06.30,대구,대구광역시 달서구 두류공원로 200,"뮤지컬, 문화, 공연, 음악, 전시, 체험"
패션/잡화,“척하면척” Chuck Archive Sale & Flea Market,24.01.12 - 24.01.21,24.01.12,24.01.21,성수,서울특별시 성동구 연무장길 99 오우드 카페 옆,"패션, 의류, 스트릿, 캐주얼, 유니섹스, 플리마켓, 세일, 럭키드로우"
패션/잡화,무신사 테라스 성수 개러지 세일,24.01.12 - 24.01.24,24.01.12,24.01.24,성수,서울특별시 성동구 아차산로 104 스탈릿성수 3층(성수역 4번 출구 구름다리 이용 권장),"패션, 의류, 데일리, 캐주얼, 남성, 세일"
캐릭터/IP,오벤져스 어드벤쳐 in BUSAN,24.01.12 - 24.03.06,24.01.12,24.03.06,부산,부산광역시 중구 광복로 62 카카오프렌즈 부산 플래그십스토어,"캐릭터, 오리, 굿즈, 이모티콘"
문화/예술,"그대, 그곳에 있었다 폼페이 유물전",24.01.13 - 24.05.06,24.01.13,24.05.06,여의도,서울특별시 영등포구 여의대로 108 파크원 6층 ALT.1,"전시, 미술, 고대, 조각상, 문화, 예술, 유물, 역사"
리빙/라이프스타일,성수따겨마켓,24.01.14 - 24.01.14,24.01.14,24.01.14,성수,"서울특별시 성동구 서울숲4길 12-22 서울숲 구욱희씨 1, 2층","플리마켓, 기부, 로컬"
F&B,Luke's Lobster 팝업스토어 in 더현대서울,24.01.15 - 24.01.21,24.01.15,24.01.21,여의도,서울특별시 영등포구 여의대로 108 파크원 B1층 푸드마켓 맞은편,"씨푸드, 해산물, 음식, 레스토랑, 랍스터"
F&B,Luke's Lobster 팝업스토어 in 신세계백화점 강남점,24.01.15 - 24.01.21,24.01.15,24.01.21,강남,서울특별시 서초구 신반포로 176 센트럴시티 B1층,"씨푸드, 해산물, 음식, 레스토랑, 랍스터"
F&B,오나츠 팝업스토어,24.01.15 - 24.01.21,24.01.15,24.01.21,여의도,서울특별시 영등포구 여의대로 108 파크원 더현대서울 지하 1층,"도너츠, 찹쌀, 제주, 수제크림, 디저트, 베이커리"
F&B,노리마끼 팝업스토어,24.01.15 - 24.01.31,24.01.15,24.01.31,여의도,서울특별시 영등포구 여의대로 108 파크원 더현대서울 지하 1층,"노리마끼, 초밥, 스시, 핸드롤, 일식, 음식"
F&B,푸루푸루푸딩 딸기 페스타,24.01.15 - 24.02.29,24.01.15,24.02.29,강남,서울특별시 강남구 테헤란로 517 현대백화점 지하 1층,"푸딩, 디저트, 딸기, 과일, 페스타"
패션/잡화,켈리즈 팝업스토어,24.01.15 - 24.01.21,24.01.15,24.01.21,여의도,서울특별시 영등포구 여의대로 108 파크원 지하 1층 이벤트홀,"가방, 업사이클링, 리사이클링, 친환경, 세일"
패션/잡화,STAND OIL 익스클루시브 컬렉션 팝업,24.01.15 - 24.01.28,24.01.15,24.01.28,성수,서울특별시 성동구 성수이로 97 EMPTY,"패션, 잡화, 가방, 디자이너, 숄더백, 가죽, 컬렉션, 백, 트렌디"
캐릭터/IP,마녀배달부 키키 카페 팝업스토어,24.01.15 - 24.02.14,24.01.15,24.02.14,잠실,서울특별시 송파구 올림픽로 300 롯데월드타워앤드롯데월드몰 B1 팝업스토어 B1 팝업스토어,"캐릭터, 애니메이션, 만화, 지브리, 영화, 굿즈, 카페, 디저트, 포토존, 일러스트"
패션/잡화,NONENON 팝업스토어,24.01.16 - 24.02.08,24.01.16,24.02.08,홍대,서울특별시 마포구 양화로 188 애경타워 AK PLAZA 홍대 1F,"패션, 잡화, 주얼리, 액세서리, 반지, 목걸이, 귀걸이, 팔찌, 전시"
캐릭터/IP,아늑한 곽철이네,24.01.16 - 24.02.11,24.01.16,24.02.11,홍대,서울특별시 마포구 어울마당로 65 상상마당빌딩 1층,"캐릭터, 오리, 굿즈, 이모티콘, 소품"
문화/예술,Garden of Dreamer,24.01.17 - 24.02.12,24.01.17,24.02.12,강서,서울특별시 양천구 목동동로 257 (현대하이페리온) 현대백화점 목동점 7층 보타닉 하우스,"작품, 전시, 예술, 작품, 포토부스, 식물, 예술가"
리빙/라이프스타일,니울 걱정수거함,24.01.18 - 24.01.22,24.01.18,24.01.22,성수,서울특별시 성동구 연무장길 13 온더무브 (피치스도원 근처 1분 거리),"업사이클링, 리사이클링, 친환경, 포토존, 키링"
문화/예술,미구엘 슈발리에 디지털 뷰티 시즌2,24.01.18 - 24.02.21,24.01.18,24.02.21,종로,서울특별시 종로구 인사동9길 26 아라아트센터 지하 1층,"전시, 예술, 공연, 무용, 작품, 미디어아트, 콜라보"
F&B,커티삭 팝업스토어,24.01.18 - 24.01.29,24.01.18,24.01.29,성수,서울특별시 성동구 연무장길 38-1 엘리자베스빌딩 1층,"위스키, 주류, 체험, 이벤트, 시음, 굿즈"
엔터테인먼트,TWS : THE MUSEUM VISITOR,24.01.18 - 24.01.31,24.01.18,24.01.31,여의도,서울특별시 영등포구 여의대로 108 파크원 더현대 서울 B2 아이코닉 팝업존,"케이팝, 아이돌, 플레디스, 굿즈, 포토존"
패션/잡화,리에떼 팝업스토어 in 더현대서울,24.01.18 - 24.01.24,24.01.18,24.01.24,여의도,서울특별시 영등포구 여의대로 108 파크원 더현대 서울 B2 POP-UP EAST ZONE,"패션, 의류, 여성, 캐주얼"
패션/잡화,OVERDOT X THE HYUNDAI SEOUL,24.01.18 - 24.01.24,24.01.18,24.01.24,여의도,서울특별시 영등포구 여의대로 108 파크원 B2 WEST ZONE,"패션, 의류, 캐주얼, 유니섹스, 디자이너, 트렌디"
캐릭터/IP,도구리 생일카페 in 합정,24.01.18 - 24.01.28,24.01.18,24.01.28,홍대,서울특별시 마포구 독막로 27 브라운시티 로스팅랩,"캐릭터, 인형, 너구리, 굿즈, 생일카페, 카페, 이벤트"
캐릭터/IP,도구리 생일카페 in 성수,24.01.18 - 24.01.28,24.01.18,24.01.28,성수,서울특별시 성동구 성수일로 56 성수동BY센터 무브모브 성수,"캐릭터, 인형, 너구리, 굿즈, 생일카페, 카페, 이벤트"
리빙/라이프스타일,알로소 윈터리빙룸,24.01.19 - 24.03.03,24.01.19,24.03.03,성수,서울특별시 성동구 아차산로 3 성수동 아파트형 공장 두앤캔 하우스 1층 오디너리하우스,"가구, 소파, 의자, 책상, 민음사, 독서, 힐링, 체험, 인테리어"
문화/예술,김김랩 <우는 순간에도 넌 빛나고 있어>,24.01.19 - 24.02.17,24.01.19,24.02.17,성수,서울특별시 성동구 연무장17길 10 LCDC SEOUL 3층 Doors,"전시, 미술, 아이스크림, 작품, 디자인, 일러스트"
F&B,서울스트로베리페스타,24.01.19 - 24.01.21,24.01.19,24.01.21,강남,서울특별시 강남구 남부순환로 3104 SETEC,"딸기, 페스타, 디저트, 음료, 과일, 일러스트, 잡화, 소품"
전자제품/자동차,Philips : The Gentle Shaver Gallery,24.01.19 - 24.01.28,24.01.19,24.01.28,성수,서울특별시 성동구 연무장7길 7 1층,"면도기, 프링글스, 체험, 전시, 포토부스, 이벤트"
전자제품/자동차,갤럭시 S24 팝업스토어 <travel around the world>,24.01.19 - 24.01.29,24.01.19,24.01.29,강남,"서울특별시 강남구 강남대로 426 진우빌딩 일상비일상의틈, 1층 & B1층","갤럭시, 삼성, 스마트폰, 이벤트, 해외, AI"
패션/잡화,핍스마트 장날 팝업스토어,24.01.19 - 24.02.07,24.01.19,24.02.07,강남,서울특별시 서초구 신반포로 176 센트럴시티 신세계백화점 강남점 8F,"빈티지, 굿즈, 소품, 잡화, 패션, 의류, 포토부스"
패션/잡화,애니바디 X 산리오 캐릭터즈 콜라보 팝업스토어,24.01.19 - 24.02.15,24.01.19,24.02.15,홍대,"서울특별시 마포구 양화로 188 애경타워 홍대 AK플라자 4층, 스파오 매장 앞","산리오, 캐릭터, 홈웨어, 파자마, 잠옷, 콜라보"
패션/잡화,젠틀몬스터 ‪<2024 컬렉션 ‘젠틀 젤리‘ 팝업>,24.01.19 - 24.02.27,24.01.19,24.02.27,강남,서울특별시 강남구 압구정로46길 50 QUEENMAMA MARKET 하우스 도산,"패션, 잡화, 선글라스, 안경, 트렌디, 컬렉션, 젤리, 전시, 미디어아트"
캐릭터/IP,플레이인더박스 X 와사비베어 팝업스토어,24.01.19 - 24.02.19,24.01.19,24.02.19,여의도,서울특별시 영등포구 여의대로 108 파크원 더현대서울 5층,"인형, 피규어, 이벤트, 굿즈, 포토부스, 캐릭터, 소품"
캐릭터/IP,또앙찌네 팝업스토어,24.01.19 - 24.03.07,24.01.19,24.03.07,강남,서울특별시 서초구 강남대로 429 카카오프렌즈 강남 플래그십스토어,"토끼, 캐릭터, 굿즈, 이모티콘, 일러스트"
F&B,갤럭시 스튜디오 FOOD - 태국 살라댕템플,24.01.20 - 24.02.04,24.01.20,24.02.04,성수,서울특별시 성동구 성수이로16길 32 (주)MG전자 살라댕템플,"갤럭시, 삼성, 스마트폰, 이벤트, 레스토랑, AI, 음식, 해외, 콜라보, 디저트"
F&B,갤럭시 스튜디오 FOOD - 프랑스 살라댕앰버시,24.01.20 - 24.02.04,24.01.20,24.02.04,한남,서울특별시 용산구 회나무로35길 26 살라댕앰버시,"갤럭시, 삼성, 스마트폰, 이벤트, 레스토랑, AI, 음식, 해외, 콜라보, 디저트"
F&B,갤럭시 스튜디오 FOOD - 홍콩 창창,24.01.20 - 24.02.04,24.01.20,24.02.04,종로,서울특별시 종로구 창신12길 37 창창,"갤럭시, 삼성, 스마트폰, 이벤트, 레스토랑, AI, 음식, 해외, 콜라보, 디저트"
패션/잡화,GROVE ARCHIVE SALE in SUNGSU,24.01.20 - 24.01.21,24.01.20,24.01.21,성수,서울특별시 성동구 연무장15길 11 태광산업 에스팩토리 D동,"패션, 의류, 디자이너, 트렌디, 캐주얼, 클래식, 세일"
문화/예술,PEARY OFF : Arts Korea Lab X Project Team Pearl,24.01.22 - 24.01.26,24.01.22,24.01.26,종로,서울특별시 종로구 율곡로 6 트윈 트리 빌딩 A동 아트코리아랩 6층 쇼룸,"광진전자, 퓨처리즘, 전시, 예술"
뷰티,Bobbi Brown Studio from New York,24.01.22 - 24.01.28,24.01.22,24.01.28,강남,서울특별시 강남구 테헤란로 517 현대백화점 1층,"뷰티, 코스메틱, 체험, 포토부스, 스킨케어"
캐릭터/IP,철권 파이트 라운지 팝업스토어,24.01.22 - 24.01.29,24.01.22,24.01.29,여의도,서울특별시 영등포구 여의대로 108 파크원 지하 1층 이벤트 플라자,"철권, 전시, 체험, 사인회, 굿즈, 게임, 포토부스"
문화/예술,Breeze 展,24.01.24 - 24.02.13,24.01.24,24.02.13,종로,서울특별시 종로구 삼청로 127-2 갤러리일호,"갤러리일호, breeze, 김옥진, 리오지, 전다래, 최승윤, 전시, 기획전, 삼청동"
문화/예술,킴밍 개인전 <LOVELY DAYS>,24.01.24 - 24.03.12,24.01.24,24.03.12,명동,"서울특별시 중구 서소문로 116 유원빌딩 유원빌딩 1601호, 라이크디즈1601","킴밍, kimmming, 전시, 개인전, iovedays, 일러스트, 엽서, 굿즈"
F&B,발렌타인 무릉도원 팝업,24.01.24 - 24.02.12,24.01.24,24.02.12,잠실,서울특별시 송파구 올림픽로 300 롯데월드타워앤드롯데월드몰 아트리움 1층,"발렌타인, ballantines, 글렌버기, 싱글몰트, 무릉도원, 위스키, 함보경, 롯데월드몰"
F&B,노노샵 X 한글과자 팝업스토어,24.01.24 - 24.02.29,24.01.24,24.02.29,한남,서울특별시 용산구 보광로 90 태광빌딩 2층 202호,"한글과자, 노노샵, 아그르왈, 타일러라쉬, 이벤트, 비건, 식물성, 카페"
F&B,개울 팝업스토어,24.01.24 - 24.08.31,24.01.24,24.08.31,수원,경기도 수원시 장안구 수성로 175 스타필드 수원 3층,"개울, 디저트, 간식, 샌드쿠키, 수원이샌드, 수원이, 수원, 행궁, 아이스크림, 굿즈, 이벤트"
여행,우리가 걸어온 날들,24.01.24 - 24.01.31,24.01.24,24.01.31,홍대,서울특별시 마포구 동교로51길 51 2층 비스켓스튜디오,"전시, 여행, 여행집, 쇼룸"
뷰티,아도르 성수 팝업스토어,24.01.25 - 24.01.31,24.01.25,24.01.31,성수,서울특별시 성동구 아차산로11길 3 삼양정밀 1층,"아도르, lador, 샴푸, 헤어케어, 트리트먼트, 플래그십스토어"
엔터테인먼트,AB6IX : 예삐분실물 센터,24.01.25 - 24.01.31,24.01.25,24.01.31,성수,서울특별시 성동구 성수일로 40 1층,"ab6ix, 예삐분실물센터, 아이돌, 굿즈, 럭키드로우"
패션/잡화,PUMA <FOREVER. SPEEDCAT.> 팝업,24.01.25 - 24.01.28,24.01.25,24.01.28,성수,서울특별시 성동구 성수이로18길 6-1,"푸마, puma, 스피드캣, speedcat, 성수, 이벤트, 운동화, 스니커즈"
캐릭터/IP,네이버웹툰 가비지타임 팝업스토어,24.01.25 - 24.02.07,24.01.25,24.02.07,여의도,서울특별시 영등포구 영중로 15 타임스퀘어 3층 SQUARE X,"가비지타임, 웹툰, 만화, 농구, 이벤트, 포토존, 굿즈, 타임스퀘어"
도서/문구,신이어마켙 X 라인프렌즈 성수,24.01.26 - 24.02.13,24.01.26,24.02.13,성수,서울특별시 성동구 성수이로 77 라인프렌즈스퀘어성수 1-2F,"신이어마켙, 라인프렌즈, 성수, 굿즈, 자판기, 이벤트"
문화/예술,오사카 파노라마 展,24.01.26 - 24.04.07,24.01.26,24.04.07,종로,서울특별시 종로구 세종대로 175 광화문 세종문화회관,"오사카, 파노라마료, 후지시로세이지, 전시회, 미술관, 광화문"
스포츠/건강,풋볼스탠다드 팝업스토어,24.01.26 - 24.02.18,24.01.26,24.02.18,기타,경기도 의왕시 바라산로 1 롯데프리미엄아울렛 타임빌라스 롯데프리미엄아울렛 타임빌라스,"풋볼스탠다드, 토트넘, 맨시티, 아스널, 축구, 의왕, 롯데프리미엄아울렛"
F&B,Luke's Lobster 팝업스토어 in 롯데월드몰,24.01.26 - 24.02.04,24.01.26,24.02.04,잠실,서울특별시 송파구 올림픽로 300 롯데월드타워앤드롯데월드몰 B1층 도토리숲 맞은편,"씨푸드, 레스토랑, 루크스, 랍스터, 롯데월드몰"
F&B,젠틀맨스 컷 팝업스토어,24.01.26 - 24.02.08,24.01.26,24.02.08,성수,서울특별시 성동구 상원1길 21 한양현대아파트 상가 와인픽스 성수점,"젠틀맨스컷, 위스키, 스테판커리, stephencurry, 와인픽스, 성수, 이벤트"
패션/잡화,AKOL season's greetings pop up,24.01.26 - 24.01.28,24.01.26,24.01.28,홍대,서울특별시 마포구 동교로38안길 11 B1층,"연남마루, 아콜, akol, 의류, 패션, 홍대, 연남동"
패션/잡화,아웃사이드프로그 <Where is brand going?>,24.01.26 - 24.01.28,24.01.26,24.01.28,한남,서울특별시 용산구 이태원로 294 블루스퀘어,"아웃사이드프로그, outsidefrog, whereisbrandgoing, 패션, 의류, 용산, 블루스퀘어, 밀리터리"
패션/잡화,올리베 팝업스토어,24.01.26 - 24.02.01,24.01.26,24.02.01,분당,경기도 성남시 분당구 판교역로146번길 20 현대백화점 판교점 4F 아이코닉 스퀘어,"올리베, olivet, 패션, 잡화, 가방, 키링, 장갑, 볼캡, 현대백화점"
패션/잡화,YURT X 더현대 서울 팝업스토어,24.01.26 - 24.02.21,24.01.26,24.02.21,여의도,서울특별시  영등포구 여의대로 108 (파크원) 2층 자스민라운지 옆,"더현대서울, 유르트, 가방, 팝업, 자연, 공예, bigbag, sale, 가죽, 신상"
캐릭터/IP,베베 더 오리 in 더현대 대구,24.01.26 - 24.02.04,24.01.26,24.02.04,대구,대구광역시 중구 달구벌대로 2077 현대백화점 9층 포럼샵,"베베더오리, 소품, 굿즈, 캐릭터, 더현대"
캐릭터/IP,영이의 숲 팝업스토어,24.01.26 - 24.02.08,24.01.26,24.02.08,대구,대구광역시 중구 달구벌대로 2077 현대백화점 4층 팝업스토어,"영이의숲, 영숲, 꽃카, 쿼카, 젤리크루, 더현대, 대구, 할인"
캐릭터/IP,브롤스타즈 팝업스토어,24.01.26 - 24.02.15,24.01.26,24.02.15,수원,경기도 수원시 장안구 수성로 175 1F,"브롤스타즈, 슈퍼셀, 체험, 이벤트, 굿즈, 포토존, 게임, 스타필드"
캐릭터/IP,슈야의 스위트샵 in 홍대,24.01.26 - 24.03.07,24.01.26,24.03.07,홍대,서울특별시 마포구 양화로 162 좋은사람들 빌딩 카카오프렌즈 홍대 플래그십 스토어 1~2층,"슈야, 토야, 스위트샵, 초콜릿, 굿즈, 이벤트, 카카오프렌즈"
문화/예술,이슬로 개인전 'THE PRESENT',24.01.27 - 24.02.24,24.01.27,24.02.24,성수,서울특별시 성동구 아차산로 120 베델 플레이스 2층 CDA GALLERY,"이슬로, 개인전, 성수, cda, 미술관, 갤러리, thepresent"
반려동물/식물,YIYAE X KINCHI 콜라보 팝업,24.01.27 - 24.01.28,24.01.27,24.01.28,강남,서울특별시 강남구 강남대로162길 35 1층 나이스웨더마켓,"YIYAE, KINCHI, 나이스웨더, 패션, 유기견, 애견용품, 기부, 강남"
패션/잡화,CATEGORY 9 Sweat Store,24.01.27 - 24.02.25,24.01.27,24.02.25,성수,서울특별시 성동구 연무장길 81 남경빌딩 1층,"카테고리9, 패션, 의류, 패딩, sweatshirt, 백팩"
뷰티,KEYTH : 위시 드래곤,24.01.29 - 24.02.04,24.01.29,24.02.04,여의도,서울특별시 영등포구 여의대로 108 파크원 1F GATE 3 앞,"키스, keyth, 핸드크림, 향수, 위시드래곤, 이벤트"
문화/예술,북촌 조향사의 집 展,24.01.30 - 24.04.30,24.01.30,24.04.30,종로,서울특별시 종로구 북촌로 43 북촌 조향사의 집,"storya, 프로젝트갤러리, 북촌, 조향사의집, 전시"
F&B,블루밍 블루 카페,24.01.30 - 24.03.03,24.01.30,24.03.03,성수,서울특별시 성동구 성수일로 56 성수동BY센터 무브모브 성수,"블루밍테일, 카페, 무브모브, 헬로우봇, 성수, 키링"
향수/향,에어슬랜드 X TTRS 팝업,24.01.30 - 24.03.17,24.01.30,24.03.17,성수,서울특별시 성동구 아차산로9길 12 1층 TTRS,"에어슬랜드, TTRS, 캔들, 양초, 선물, 이벤트"
캐릭터/IP,스폰지밥 <스윗 투게더>,24.01.30 - 24.02.26,24.01.30,24.02.26,성수,서울특별시 성동구 연무장길 38-1 엘리자베스빌딩 도어투성수 1층,"도어투성수, gs25, 스폰지밥, 뚱이, 캐릭터, 편의점, 발렌타인, 포토존, 이벤트"
캐릭터/IP,무직타이거 뚱랑이와 새콤달콤 딸기 파티!,24.01.30 - 24.03.24,24.01.30,24.03.24,홍대,서울특별시 마포구 어울마당로 65 상상마당빌딩 디자인스퀘어 2F,"무직타이거, 뚱랑이, 딸기파티, 소품, 굿즈, 이벤트, 홍대"
엔터테인먼트,미스터트롯2 <웰컴 투 마이 홈>,24.01.31 - 24.02.14,24.01.31,24.02.14,여의도,서울특별시 영등포구 여의대로 108 파크원 지하 1층 대행사장,"미스터트롯2, tv조선, 트로트, 웰컴투마이홈, 굿즈"
기관/금융,서울라이프 성수 팝업,24.02.01 - 24.02.04,24.02.01,24.02.04,성수,서울특별시 성동구 연무장5길 20 1F Scène,"서울, 쎈느, 굿즈, 전시, 포토존, 체험, 라면, 시식, 이벤트, 성수, 서울라이프, 서울특별시"
뷰티,파워퍼프걸 컬러그램 팝업스토어 in 올리브영 강남타운점,24.02.01 - 24.02.29,24.02.01,24.02.29,강남,서울특별시 서초구 강남대로 429 올리브영 강남 타운,"올리브영, 컬러그램, 파워퍼프걸, 이벤트, 강남"
F&B,허씨네 초콜릿 가게,24.02.01 - 24.02.07,24.02.01,24.02.07,여의도,서울특별시 영등포구 국제금융로 10 서울 국제금융 센터 여의도 IFC몰 노스 아트리움,"허쉬, hershey, 초콜릿, 여의도, ifc몰, 포토존, 헤리티지존, 이벤트, 럭키드로우"
F&B,페레로로쉐 Show Your Golden Love 팝업스토어,24.02.01 - 24.02.14,24.02.01,24.02.14,종로,서울특별시 종로구 세종대로 169 삼보빌딩,"페레로로쉐, ferrerorocher, 초콜릿, 오리진스, 발렌타인데이, 포토존"
F&B,<대전 새로댁 : 새로운 신년잔치> 새로 소주 팝업스토어,24.02.01 - 24.02.21,24.02.01,24.02.21,대전,"대전광역시 서구 둔산로 32-21 한미빌딩 1F, 2F 대전 루트커피","새로, 꿈돌이, 대전, 제로슈거, 소주, 롯데, 롯데칠성음료, 굿즈, 체험, 주류"
패션/잡화,고다신 팝업스토어,24.02.01 - 24.02.07,24.02.01,24.02.07,여의도,서울특별시 영등포구 여의대로 108 파크원 B2F EAST ZONE,"고다신, godashin, 패션, 의류, 굿즈, 키링, 이벤트"
패션/잡화,몽끄 팝업스토어,24.02.01 - 24.02.14,24.02.01,24.02.14,성수,서울특별시 성동구 연무장5길 19 노아베이커리 건물,"몽그, mongque, 디자이너백, 스포츠, 가방, 할인, 이벤트"
캐릭터/IP,크크롱 작심삼일 파티,24.02.01 - 24.02.14,24.02.01,24.02.14,기타,경기도 안성시 공도읍 서동대로 3930-39 스타필드 안성 스타필드 안성 1F 센트럴 아트리움,"크크롱, 신년운세, 스타필드, 이벤트, 안성, 포토존, 동서남북"
캐릭터/IP,수키도키 팝업스토어,24.02.01 - 24.02.14,24.02.01,24.02.14,여의도,서울특별시 영등포구 여의대로 108 파크원 지하 2층 아이코닉존,"수키도키, sukeydokey, 쥐순이, 쥐구멍가게, 캐릭터, 굿즈, 소품"
뷰티,에스티 로더 : 더블웨어 스퀘어 팝업,24.02.02 - 24.02.04,24.02.02,24.02.04,성수,서울특별시 성동구 연무장11길 13 플랜트란스 성수플래그쉽,"에스티로더, 더블웨어스퀘어, 베이스, 쿠션, 립스틱, 화장품, 성수"
뷰티,LUSH <LOVE LOUNGE>,24.02.02 - 24.02.07,24.02.02,24.02.07,성수,서울특별시 성동구 연무장길 90 디플랫 디에프제트 3층,"러쉬, lush, 성수, 발렌타인, 러브라운지, 포토부스, 체험"
뷰티,다이슨 헤어케어 팝업스토어,24.02.02 - 24.02.22,24.02.02,24.02.22,잠실,서울특별시 송파구 올림픽로 240 롯데월드 롯데백화점 잠실점 1층,"다이슨, dyson, 지수, 헤어케어, 고데기, 드라이기, 롯데백화점"
F&B,"오레오 팝업스토어 : Love, OREO",24.02.02 - 24.02.15,24.02.02,24.02.15,하남,경기도 하남시 미사대로 750 스타필드 하남 1층,"오레오, 과자, 굿즈, 포토존, 이벤트, 체험, 스타필드, 하남"
F&B,린트 린도 팝업스토어,24.02.02 - 24.02.25,24.02.02,24.02.25,기타,경기도 시흥시 서해안로 699 시흥 프리미엄 아울렛 1층 에스컬레이터 옆 특설 행사장,"린트, lindt, 린도, 초콜릿, 발렌타인, 이벤트, 룰렛, 시흥"
엔터테인먼트,(G)I-DLE Super Lady POP-UP,24.02.02 - 24.02.19,24.02.02,24.02.19,강남,서울특별시 강남구 강남대로160길 42 1-2F,"여자아이들, 라인프렌즈, superlady, 굿즈, kpop, 아이돌, 우기, 민니, 슈화, 소연"
패션/잡화,엄브로 100주년 <MR.UM's CLEANERS>,24.02.02 - 24.06.26,24.02.02,24.06.26,성수,서울특별시 성동구 연무장길 88 1층 XYZ STORE,"엄브로, umbro, 100주년, 컨셉스토어, 의류, 드라이크리닝, 셔츠, 세탁, 패션"
캐릭터/IP,레고 팝업 : 플레이 테라스 1차,24.02.02 - 24.02.08,24.02.02,24.02.08,종로,서울특별시 종로구 율곡로 1 2층 테라스꾸까,"레고, 플레이테라스, 발렌타인데이, 전시, 포토존, 체험"
캐릭터/IP,꼬따꼬뜨플래닛 : 제트의 농장,24.02.02 - 24.02.18,24.02.02,24.02.18,홍대,서울특별시 마포구 동교로38안길 11 연남마루 B1층,"꼬따꼬뜨플래닛, 제트의농장, 연남마루, 체험, 이벤트, 포토존, 캐릭터"
리빙/라이프스타일,송글송글 찜질방,24.02.03 - 24.04.28,24.02.03,24.04.28,홍대,서울특별시 마포구 양화로 144 MERCURE 앰배서더 HOTEL 홍대 T factory,"송글송글찜질방, 티팩토리, 홍대, 전시, 체험, 이벤트, 도파민, 디톡스, SK텔레콤, 통신사"
F&B,M&M'S V-DAY POP-UP STORE,24.02.03 - 24.02.25,24.02.03,24.02.25,기타,경기도 파주시 탄현면 필승로 200 파주프리미엄아울렛 L1 와인앤 모어 앞,"m&m, 엠엔엠즈, 초콜릿, 발렌타인, 포토존, 파주"
패션/잡화,컨버스X펑첸왕 <CREATE NEXT : MY HALF>,24.02.03 - 24.02.04,24.02.03,24.02.04,성수,서울특별시 성동구 성수이로 97 EMPTY,"컨버스, converse, 펑첸왕, 성수, empty, 체험, 콜라보, 전시"
캐릭터/IP,더쿠의 만물상 팝업스토어,24.02.03 - 24.03.03,24.02.03,24.03.03,용산,서울특별시  용산구 한강대로23길 55 (용산역) 6층 팝콘D스퀘어,"대원미디어, 캐릭터, 굿즈, 용산아이파크몰, 리락쿠마, 치이카와, 피규어, 주술회전, 귀멸의칼날, 만화책"
기타,COMMON VALENTINE'S DAY,24.02.06 - 24.03.17,24.02.06,24.03.17,건대,서울특별시 광진구 아차산로 200 커먼그라운드 MH동 1F 중앙 광장,"커먼그라운드, 발렌타인, 로즈베어, 포토존, 이벤트, 데이트"
향수/향,KEYTH : LOVE IS PING-PONG,24.02.06 - 24.02.27,24.02.06,24.02.27,성수,서울특별시 성동구 연무장길 21 톰그레이하운드 성수점,"키스, KEYTH, 톰그레이하운드, 핸드크림, 향수"
엔터테인먼트,NONFUNGIBLE : 대체불가한 당신의 이야기,24.02.08 - 24.02.18,24.02.08,24.02.18,성수,서울특별시 성동구 연무장길 26 베이직 스튜디오,"류덕환, 에틱, ETIC, 논펀저블, 전시, 배우, 베이직스튜디오"
엔터테인먼트,NCT WISH <WISH STATION>,24.02.08 - 24.02.21,24.02.08,24.02.21,여의도,서울특별시 영등포구 여의대로 108 파크원 B2 아이코닉,"nct, 엔시티, 포토존, 이벤트, 굿즈, 아이돌, SM"
캐릭터/IP,플레이인더박스 X 똑똑도미토리 POP UP STORE in COEX,24.02.08 - 24.03.10,24.02.08,24.03.10,강남,서울특별시 강남구 영동대로 513 코엑스 코엑스 B2F,"플레이인더박스, 똑똑도미토리, 연더랜드, 뾰롱, 피곤한덤덤, 수집가무무, 이십오일, 베베, 피규어"
캐릭터/IP,똑똑 도미토리 X 플레이인더박스 팝업스토어,24.02.08 - 24.03.10,24.02.08,24.03.10,강남,서울특별시 강남구 영동대로 513 코엑스 B2F 메가박스 안,"연더랜드, 피곤한덤덤, 25일, 수집가무무, 뾰롱이, 베베, 플레이인더박스, 똑똑도미토리, 코엑스"
캐릭터/IP,빈센트반곰흐 팝업스토어,24.02.11 - 24.02.22,24.02.11,24.02.22,분당,경기도 성남시 분당구 판교역로146번길 20 현대백화점 판교점 4F 아이코닉스퀘어,"빈센트반곰흐, 곰인형, 빈티지, 보이즈베어, 소품샵, 테디베어, 판교"
캐릭터/IP,레고 팝업 : 플레이 테라스 2차,24.02.12 - 24.02.24,24.02.12,24.02.24,종로,서울특별시 종로구 율곡로 1 2층 테라스꾸까,"레고, 플레이테라스, 발렌타인데이, 전시, 포토존, 이벤트"
도서/문구,놀러와 방! 민마의 방,24.02.13 - 24.02.25,24.02.13,24.02.25,성수,서울특별시 성동구 연무장17길 10 LCDC 1층,"전시, 캐릭터, 희귀질환, 디자인, 문구, 리빙, 포토존, 굿즈, 소품"
리빙/라이프스타일,지구 반창고 : 지구도 반한 프릿지 창고,24.02.13 - 24.02.25,24.02.13,24.02.25,성수,서울특별시 성동구 아차산로 53 타워개발 성수동 PLLI 플리,"프릿지, fridge, 지구반창고, 전시, 친환경, 제로웨이스트, 업사이클, 사회적기업, 성수"
F&B,아모레 성수 X 폴바셋 <Cupid's Lab>,24.02.13 - 24.03.03,24.02.13,24.03.03,성수,서울특별시 성동구 아차산로11길 7 (주)아세아이엔티 아모레성수,"아모레, 성수, 폴바셋, 카페, 발렌타인, 큐피드"
캐릭터/IP,옐토네 꽃밭,24.02.13 - 24.02.18,24.02.13,24.02.18,홍대,서울특별시 마포구 동교로38안길 17 수앤지빌 팔시보스토어 1층,"옐토, yelto, 팔시보스토어, 포토존, 키링, 스티커"
엔터테인먼트,뭉순임당 X 더현대 대구 팝업스토어,24.02.14 - 24.02.22,24.02.14,24.02.22,대구,대구광역시 중구 달구벌대로 2077 현대백화점 B2층,"뭉순임당, 왼그기그, 소프트썸네일, 더현대, 대구, 굿즈, 전시"
여행,상상마당 x 리틀템포 팝업스토어 '서울 여행 : Travel Seoul',24.02.14 - 24.04.21,24.02.14,24.04.21,홍대,서울특별시 마포구 어울마당로 65 상상마당빌딩 KT&G 상상마당 디자인스퀘어 1F,"리틀템포, 상상마당, 홍대, 서울여행, 굿즈, AJASSI, 백반디자인"
패션/잡화,ESSENTIAL by EQL : 24 SPRING POP-UP,24.02.14 - 24.03.14,24.02.14,24.03.14,성수,서울특별시 성동구 연무장15길 11 태광산업 EQL GROVE 1층,"EQL, EQLSPACE, EQLGROVE, 24collection, 공감각, 체험, 의류, 패션, 컬렉션, 에센셜"
향수/향,포인트투파이브세컨드 [Digging in my Timeline] POP-UP,24.02.14 - 24.04.07,24.02.14,24.04.07,홍대,서울특별시  마포구 포은로 99 XXPRESS,"digginginmytimeline, 포인트투파이브세컨드, pointtwofivesecond, 025s, 포인트투파이브세컨드팝업, 향수팝업, 향수팝업스토어, 망원팝업, 팝업, 팝업스토어, 팝업추천, 팝업스토어추천, 향수브랜드, 향수쇼룸, 망원가볼만한곳, 합정가볼만한곳, 홍대가볼만한곳, 서울핫플, 홍대핫플, 데이트추천, 실내데이트, 서울여행"
패션/잡화,THE ‘siweol.107&MUHA’ POP-UP STORE,24.02.15 - 24.02.29,24.02.15,24.02.29,성수,서울특별시 성동구 서울숲4길 28-3 3층,"시월107, 무하, 콜라보, siweol, 패션, 주얼리, 가방, 잡화, 이벤트, 서울숲"
패션/잡화,런던언더그라운드 24spring_더현대서울,24.02.15 - 24.03.07,24.02.15,24.03.07,여의도,서울특별시 영등포구 여의대로 108 파크원 B2,"런던언더그라운드, 더현대, 의류, EQL, 패션"
F&B,CURRY POUNDCAKE POP UP,24.02.16 - 24.02.18,24.02.16,24.02.18,성수,서울특별시 성동구 연무장길 13 온더무브,"오뚜기, 카레, 모루비, 콜라보, 파운드케이크"
F&B,트레비 토닉 워터 미니 팝업 <라이브 토닉 바>,24.02.16 - 24.02.25,24.02.16,24.02.25,한남,서울특별시 용산구 회나무로 21 2층 부기우기,"트레비, 부기우기, 롯데칠성음료, 토닉, 이태원, 재즈바"
엔터테인먼트,이세계아이돌 <이세돌 팝업봤?>,24.02.16 - 24.02.29,24.02.16,24.02.29,여의도,서울특별시 영등포구 여의대로 108 파크원 지하 1층,"이세계, 이세돌, 위드뮤, 우왁굳, 버츄얼, 아이돌, 굿즈, 더현대"
엔터테인먼트,르세라핌 2024 S/S POP UP,24.02.16 - 24.03.03,24.02.16,24.03.03,성수,서울특별시 성동구 금호로3길 14 금호동교회,"르세라핌, 굿즈, 이벤트, 체험, 증강현실, 이지, 금호"
전자제품/자동차,"캐스퍼를 타다, 봄을 타다",24.02.16 - 24.04.28,24.02.16,24.04.28,부산,부산광역시 부산진구 서면로 39 KT&G 상상마당부산 1F 라운지,"캐스퍼, 현대자동차, 봄, 벚꽃, 꽃, 차, 자동차, 포토존, 차덕, 전시, 상상마당, 부산, 서면"
패션/잡화,her&she 팝업스토어,24.02.16 - 24.02.22,24.02.16,24.02.22,여의도,서울특별시 영등포구 여의대로 108 (파크원) 더현대 서울 3F POP-UP(SJSJ 매장 옆),"허앤쉬, 하모니, 더현대서울, saki, 1064studio, 팝업스토어, 더현대, 허앤쉬0109, 팝업, 의류팝업"
패션/잡화,오아이오아이컬렉션 X 무신사 홍대 팝업스토어,24.02.16 - 24.03.01,24.02.16,24.03.01,홍대,서울특별시 마포구 양화로 164 유림빌딩 무신사 홍대 1F 팝업존,"오아이오아이, oioi, 패션, 의류, 홍대, 무신사"
캐릭터/IP,리코더팩토리 팝업스토어 in 부산 센텀시티,24.02.16 - 24.02.29,24.02.16,24.02.29,부산,부산광역시 해운대구 센텀남대로 35 신세계백화점센텀시티점 지하 2층 하이퍼그라운드,"리코더팩토리, 플레이인더박스, 소품, 굿즈, 부산, 신세계백화점"
캐릭터/IP,쿼카 인 스쿨 다이노탱 팝업,24.02.16 - 24.03.04,24.02.16,24.03.04,강남,서울특별시 서초구 강남대로 437 대원빌딩 라인프렌즈 강남,"다이노탱, 쿼카, 인형, 피규어, 스티커, 엽서, 굿즈, 강남"
문화/예술,StarLight : 별을 찾는 언덕,24.02.17 - 24.03.15,24.02.17,24.03.15,성수,서울특별시 성동구 왕십리로 50 메가박스 스퀘어 메타그라운드 성수 4층,"전시, 메타그라운드성수, 미디어아트, AI, MR, 성수"
엔터테인먼트,"문상훈 에세이 사운드 낭독회 “내가 한 말을 내가 오해하지 않기로 함""",24.02.17 - 24.03.03,24.02.17,24.03.03,강남,서울특별시 강남구 도산대로25길 15-10 빌라15 오드포트,"전시, 문상훈, 빠더너스, 내가한말을내가오해하지않기로함, 에세이, 사운드낭독회, 멜론, 수지, 설인아, 조현철, 선우정아, 이영훈, 장기하, 이적, 백현진"
패션/잡화,스위밍풀 미니 팝업스토어,24.02.18 - 24.03.03,24.02.18,24.03.03,잠실,서울특별시 송파구 오금로 148 3층 잔잔플라워•단스페이스,"스위밍풀, 키링, 인형, 송리단길, 잔잔플라워, 단스페이스, 잠실, 비키, 풀"
뷰티,뉴채 X 송가인 팝업스토어,24.02.19 - 24.02.25,24.02.19,24.02.25,강서,"서울특별시 양천구 목동동로 257 현대하이페리온 지하 2층, 메가박스 앞 팝업존","뉴채, 송가인, 리프팅, 이벤트, 굿즈, 목동"
전자제품/자동차,2024 Intel AI PC Week POP-UP,24.02.19 - 24.02.25,24.02.19,24.02.25,성수,서울특별시 성동구 연무장11길 13 플랜트란스 성수플래그쉽,"인텔, intel, AI, 이벤트, 성수, 플랜트란스"
패션/잡화,키디키디 팝업스토어,24.02.19 - 24.03.03,24.02.19,24.03.03,분당,경기도 성남시 분당구 판교역로146번길 20 현대백화점 판교점 5층,"키디키디, 육아, 럭키드로우, 럭키박스, 이벤트, 현대백화점"
도서/문구,읽는사람: 당신을 __할 300권의 고전,24.02.20 - 24.04.07,24.02.20,24.04.07,강남,서울특별시 강남구 영동대로138길 23 소전문화재단,"도서, 전시, 소전서림, 북아트갤러리, 북도슨트, 고전서가, 독서, 읽는사람, 북아트, 2024이달의고전, 김갑용, 박현옥, 양선형, 위수정, 세계문학, 한국문학, 강남, 책, 소설가, 북바, 북마스터"
문화/예술,<The New Luxe> 전시,24.02.21 - 24.03.24,24.02.21,24.03.24,성수,서울특별시 성동구 서울숲4길 16-9 아트태그하우스,"전시, 럭셔리, 예술, 명품, 서울숲, 아트버디더럭셔리"
F&B,KRUSH Avenue,24.02.21 - 24.03.03,24.02.21,24.03.03,잠실,서울특별시 송파구 올림픽로 300 롯데월드타워앤드롯데월드몰 B1F 팝업매장,"롯데칠성, 크러시, 에비뉴, 맥주, 카리나, 롯데백화점"
엔터테인먼트,트라이비 팝업스토어,24.02.21 - 24.02.25,24.02.21,24.02.25,성수,서울특별시 성동구 연무장길 13 1층 온더무브,"트라이비, kpop, 아이돌, 걸그룹, 굿즈, 성수, 온더무브"
전자제품/자동차,헤이딜러 HEY LITTLE 팝업스토어,24.02.21 - 24.03.10,24.02.21,24.03.10,하남,경기도 하남시 미사대로 750 스타필드 하남 1F 센트럴 아트리움,"헤이딜러, 체험, 스타필드, 하남, 중고차"
패션/잡화,xlim X 더현대서울 팝업스토어,24.02.21 - 24.03.31,24.02.21,24.03.31,여의도,서울특별시 영등포구 여의대로 108 (파크원) 더현대 서울 2F POP-UP 매장,"더현대, 팝업, xlim, 시놉시스, 건축, 디자인, 패션, 에피소드, 키드밀리, 딘"
뷰티,더블유드레스룸 팝업스토어,24.02.22 - 24.03.05,24.02.22,24.03.05,성수,서울특별시 성동구 연무장길 81 남경빌딩 스퀘어성수2 1층,"더블유드레스룸, 퍼퓸, 핸드크림, 바디워시, 포토존, 이벤트"
패션/잡화,아웃핏배틀코리아 'SHOWNIVERSE',24.02.22 - 24.02.25,24.02.22,24.02.25,성수,서울특별시 성동구 연무장15길 11 태광산업 S-FACTORY B동 129호,"아웃핏배틀코리아, 유튜브, 패션, 포토존, 이벤트, 성수, 에스팩토리"
패션/잡화,데상트 <TRUST YOURSELF CHRON>,24.02.22 - 24.02.25,24.02.22,24.02.25,성수,서울특별시 성동구 성수이로7길 41 KASINA 성수,"데상트, 크론, chron, 10주년, 규하나, 하이브파크, 보트, 아미라, 성수"
캐릭터/IP,포코리프렌즈 <LOVE LOVE BAKERY>,24.02.22 - 24.04.07,24.02.22,24.04.07,홍대,서울특별시 마포구 와우산로35길 13 오브젝트 서교점 1층,"포코리프렌즈, 오브젝트, 이슬로, 홍대, 전시, 다람쥐"
F&B,818 데킬라 팝업스토어,24.02.23 - 24.03.07,24.02.23,24.03.07,여의도,서울특별시 영등포구 여의대로 108 파크원 더현대 서울 B1F 중앙 에스컬레이터 옆,"818데킬라, 칵테일, 더현대서울, 레시피, 시음, 데킬라, 주류, 술"
F&B,용용선생 X YUME 마라오뎅바 팝업스토어,24.02.23 - 24.03.10,24.02.23,24.03.10,명동,서울특별시 중구 을지로12길 7 유메오뎅,"용용선생, 마라, 오뎅, 유메, 을지로"
여행,노랑풍선 팝업스토어 <YOU LOVE>,24.02.23 - 24.03.03,24.02.23,24.03.03,기타,경기도 의왕시 바라산로 1 롯데프리미엄아울렛 타임빌라스 GF광장,"노랑풍선, 여행, 유럽, 롯데타임빌라스, 바르셀로나, 사그라다파밀리아성당, 튀르키예"
패션/잡화,SALOMON <WELCOME BACK TO EARTH>,24.02.23 - 24.03.07,24.02.23,24.03.07,성수,서울특별시 성동구 성수이로 97 EMPTY,"살로몬, salomaon, 트레이닝복, 운동화, 스포츠, 성수, empty, 산"
향수/향,포맨트 <COTTON HUGMON HOUSE>,24.02.23 - 24.03.17,24.02.23,24.03.17,홍대,서울특별시 마포구 홍익로6길 27 1F,"포맨트, 허그몬하우스, 홍대, 프로즌, 백야, 첫눈, 이벤트, 향수"
캐릭터/IP,마동곰 팝업스토어,24.02.23 - 24.03.07,24.02.23,24.03.07,대구,대구광역시 중구 달구벌대로 2077 현대백화점 4층,"마동곰, 근육곰돌이, 라이트업스튜디오, 인형, 키링, 굿즈, 헬스, 더현대"
캐릭터/IP,ZANMANG FOREST POP-UP STORE,24.02.23 - 24.03.21,24.02.23,24.03.21,수원,경기도 수원시 장안구 수성로 175 4층 팝업테넌트,"잔망, 루피, 포레스트, 굿즈, 이벤트, 포토존, 스타필드, 잔망루피, 캐릭터"
뷰티,멜린앤게츠(MALIN+GOETZ) 팝업스토어,24.02.26 - 24.03.17,24.02.26,24.03.17,성수,서울특별시 성동구 연무장길 20-1 비통레브 르알레스카,"멜린앤게츠, 바디케어, 핸드워시, 바디워시, 바디로션, 캔들, 퍼퓸, 향수, 향기, 컬렉션"
뷰티,닥터지X레오제이 바쿠치올 포어젯 팝업스토어,24.02.26 - 24.03.03,24.02.26,24.03.03,여의도,서울특별시 영등포구 여의대로 108 파크원 더현대 서울 1F GATE 3 앞,"닥터지, 레오제이, 더현대서울, 뷰티, 화장품, 피부, 포토존, 이벤트, 유튜버, 콜라보"
리빙/라이프스타일,무신사테라스 봄맞이 기프트샵,24.02.27 - 24.03.04,24.02.27,24.03.04,성수,서울특별시 성동구 아차산로 104 스탈릿성수 무신사 테라스 성수 3층,"무신사, 테라스, 성수, 봄맞이, 기프트샵, 리빙, 집콕"
뷰티,클리오 상회 <후로페샤날 청과점>,24.02.28 - 24.03.03,24.02.28,24.03.03,성수,서울특별시 성동구 서울숲2길 27,"클리오, 후로페샤날청과점, 청과에디션, 킬커버더뉴파운웨어, 조효진, 민스코"
엔터테인먼트,Ktown4u coex 플레이브 팝업스토어,24.02.28 - 24.03.05,24.02.28,24.03.05,강남,"서울특별시 강남구 영동대로 513 코엑스 4층 케이타운포유 코엑스 space #1,2,3","코엑스, 플레이브, plave, 버추얼아이돌, 예준, 노아, 밤비, 은호, 하민"
뷰티,맥 맥시멀 매트 립스틱 팝업스토어,24.02.29 - 24.03.10,24.02.29,24.03.10,잠실,서울특별시 송파구 올림픽로 300 롯데월드타워앤드롯데월드몰 1층 아트리움,"맥, MAC, 립스틱, 총알립스틱, 맥시멀매트립스틱"
F&B,밀양딸기 1943* 팝업스토어,24.02.29 - 24.03.02,24.02.29,24.03.02,성수,서울특별시 성동구 성수일로 1 위키드와이프,"밀양딸기1943, 밀양물산, 밀양시, 처음맛본태양, 딸기, 리빙센스, 위키드와이프, 성수"
F&B,그래놀라 <HOUSE OF BEILSANG>,24.02.29 - 24.03.09,24.02.29,24.03.09,강남,서울특별시 강남구 언주로164길 21-3 꼴라보하우스 도산,"그래놀라, GRBK, 디저트, 스낵, 브런치, 홈카페, 하우스오브비일상"
캐릭터/IP,폴씨의 뚝도상점,24.02.29 - 24.03.28,24.02.29,24.03.28,성수,서울특별시 성동구 아차산로 6 누디트 서울숲 1층,"폴씨, 누디트, 성수, 150studio, 고양이다방, 구냥이상점, 글리밍데이, 노낫네버, 니어멜로우, 니어앤디어, 로우스튜디오, 만타박스, 무직타이거, 미유미유, 설기일러스트, 수바코, 수집가무무, 스코티프렌즈, 시꾸, 아찔, 알로하밸런스, 쿠버블, 하쯔"
엔터테인먼트,PLAVE 1st ANNIVERSARY POP-UP STORE : WAY 4 LUV,24.03.01 - 24.03.17,24.03.01,24.03.17,여의도,서울특별시 영등포구 여의대로 108 파크원 더현대 서울 5F,"플레이브, plave, 더현대서울, 여의도, 버추얼아이돌, 예준, 노아, 밤비, 은호, 하민, 블래스트"
패션/잡화,마뗑킴 스페셜 스토어,24.03.01 - 24.05.31,24.03.01,24.05.31,성수,서울특별시 성동구 연무장길 13 1층,"마뗑킴, 액세서리, matinkim, 패션, 의류, 성수, 시그니처액세서리"
캐릭터/IP,"반갑다, 친구야! 팝업스토어",24.03.01 - 24.03.10,24.03.01,24.03.10,신촌,서울특별시 서대문구 연세로 13 현대백화점 유플렉스 지하 2층,"안녕자두야, 비비빅, 신학기, 새학기, 신촌, 현대백화점"
뷰티,발렌티노 뷰티 <HOUSE OF CUSHION>,24.03.06 - 24.03.10,24.03.06,24.03.10,성수,서울특별시 성동구 연무장길 101-1 오우드 성수 1호점,"발렌티노, 발렌티노뷰티, 쿠션, 고-쿠션, 고쿠션글리터, 하우스오브쿠션, 스파클럭키그린, 항공샷, 인생네컷"
뷰티,3CE 달다구리 팝업,24.03.07 - 24.03.17,24.03.07,24.03.17,성수,서울특별시 성동구 연무장길 81 남경빌딩 1층 무신사 스퀘어 성수2,"3CE, 무신사스퀘어성수, 메이크업, 달다구리, 화장품, 달다구리에디션, 로즈티라미슈팔레트, 솜사탕블러셔, 포근생기틴트"
패션/잡화,젠틀몬스터 x 메종 마르지엘라,24.03.07 - 24.04.25,24.03.07,24.04.25,강남,서울특별시 강남구 압구정로46길 50 QUEENMAMA MARKET 젠틀몬스터 하우스 도산,"젠틀몬스터, 메종마르지엘라, 팝업스토어, 도산, 쇼핑, 로봇, 인간, 교감, 현재, 미래, 시공간"
패션/잡화,"무이x원모어백 <나가서 놀자, 가볍게 걷자!> 팝업스토어",24.03.08 - 24.03.25,24.03.08,24.03.25,종로,서울특별시 종로구 필운대로 6-1 (아이에스빌딩) 2층 원모어백,"나가서놀자가볍게걷자, 무이, mui, 원모어백, onemorebag, 무이팝업, 무이팝업스토어, 원모어백팝업, 서촌팝업, 서촌팝업스토어, 팝업, 팝업스토어추천, 경복궁역, 서울여행, 패션브랜드, 패션브랜드팝업, 서촌소품샵, 서촌가볼만한곳, 서울가볼만한곳, 종로가볼만한곳, 서촌데이트, 데이트추천, 가방브랜드, 백팩, 백팩추천, 신발브랜드"
캐릭터/IP,스누피 팝업스토어,24.03.08 - 24.03.31,24.03.08,24.03.31,강남,서울특별시 서초구 신반포로 176 센트럴시티 신세계백화점 강남점 B1 스위트파크 팝업존,"강남, 스누피, 비글스카우트, 스누피팝업, 신세계백화점, 굿즈, 이벤트"
캐릭터/IP,슈야의 스위트샵 in 부산,24.03.08 - 24.04.03,24.03.08,24.04.03,부산,부산광역시 중구 광복로 62 카카오프렌즈 부산 플래그십 스토어,"슈야, 토야, 스위트샵, 초콜릿, 굿즈, 이벤트, 카카오프렌즈"
캐릭터/IP,수키도키 공장,24.03.08 - 24.04.04,24.03.08,24.04.04,홍대,서울특별시 마포구 양화로 162 카카오프렌즈 홍대플래그십 스토어,"수키도키, 카카오프렌즈샵, 수키도키공장, 홍대, 굿즈, 쥐순이, 인형"
뷰티,마몽드 <BLOOM YOUR GLOW>,24.03.09 - 24.03.24,24.03.09,24.03.24,성수,서울특별시 성동구 연무장길 11 (주)건영피혁,"마몽드, 화장품, 플로라글로우로즈라인, 장미꽃, 풍선, 키링, 이벤트, 세계관"
F&B,가나 초콜릿 하우스 시즌3,24.03.09 - 24.04.07,24.03.09,24.04.07,성수,"서울특별시 성동구 뚝섬로 403 1층,2층","가나, 가나초콜릿, 가나초콜릿하우스, 사계절, 원데이클래스, 성수, 초콜릿"
엔터테인먼트,Mr. Freak's Lab : Sweet Escape,24.03.09 - 24.03.24,24.03.09,24.03.24,성수,서울특별시 성동구 연무장11길 13 플랜트란스 성수플래그쉽,"샤이니키, 키, 김기법, 앨범, 컴백, 샤이니, 전시, 디저트공장, 컨셉"
향수/향,구딸 부티크 팝업 스토어,24.03.13 - 24.04.30,24.03.13,24.04.30,잠실,서울특별시 송파구 올림픽로 300 롯데월드타워앤드롯데월드몰 에비뉴엘 월드타워점 지하1층,"구딸, 쁘띠쉐리, 리미티드, 럭키드로우, 포토존, 벚꽃, 데이트, 화장품, 뷰티, 향수"
도서/문구,83개의 책갈피 2024,24.03.15 - 24.04.29,24.03.15,24.04.29,신촌,서울특별시 서대문구 연희로11라길 10-6 2층 2층,"유어마인드, 책방, 서점, 책갈피, 독서, 감상, 소품, 굿즈, 취미, 독립출판, 독립서점, 아트북, 음반"
캐릭터/IP,눈사람 눙눙이 팝업스토어,24.03.15 - 24.03.28,24.03.15,24.03.28,신촌,서울특별시 서대문구 연세로 13 현대백화점 유플렉스 B2층,"눈사람눙눙이, 눙눙이, 소품, 굿즈, 신촌, 핀뱃지, 파우치, 벚꽃스티커"
캐릭터/IP,도구리 미니 팝업 in 광화문,24.03.15 - 24.04.22,24.03.15,24.04.22,종로,서울특별시 종로구 종로 1 교보생명빌딩 B1F 핫트랙스 광화문점,"도구리, 굿즈, 미니팝업, 광화문, 핫트랙스, 봄, 벚꽃"
기타,TENGA SHOP DOOTA,24.03.16 - 24.09.16,24.03.16,24.09.16,동대문,서울특별시 중구 장충단로 275 두타몰,"텐가, 성인용품"
전자제품/자동차,로지텍G 팝업스토어,24.03.16 - 24.03.28,24.03.16,24.03.28,강남,"서울특별시 강남구 강남대로 426 진우빌딩 1층, B1층","로지텍, 일상비일상의틈, 강남, 게이밍, 게이밍아이템, 로지텍G"
F&B,제임슨 마당 in 홍대,24.03.17 - 24.04.14,24.03.17,24.04.14,홍대,서울특별시 마포구 와우산로 76-1 제임슨 마당,"제임슨, 제임슨위스키, 위스키, 주류, 술, 투어, 클래스, 사전예약, 바텐더, 이벤트"
리빙/라이프스타일,IKEA 팝업스토어 더현대 서울,24.03.19 - 24.06.30,24.03.19,24.06.30,여의도,서울특별시 영등포구 여의대로 108 파크원 더현대 서울 5층,"이케아, 가구, 쇼핑, 쇼룸, 소품, 굿즈, 리빙, 나들이, 특가, 이벤트"
문화/예술,DRAWING GARDEN 노마&드로잉메리 2인전,24.03.19 - 24.04.07,24.03.19,24.04.07,여의도,서울특별시 영등포구 여의대로 108 파크원 더현대 서울 5F 에픽서울,"드로잉가든, 노마, 드로잉메리, 전시, 더현대, 하입앤, 일러스트, 드로잉, 봄, 데이트, 원화, 굿즈"
캐릭터/IP,와와일공구X텐바이텐,24.03.19 - 24.04.25,24.03.19,24.04.25,여의도,서울특별시 영등포구 여의대로 108 파크원 더현대 서울 6층 언커먼스토어,"와와일공구, 텐바이텐, 굿즈, 다꾸, 더현대, 언커먼스토어, 쿠션, 이벤트, 데이트, 스티커, 문구류"
엔터테인먼트,<피지컬:100 언더그라운드> 팝업스토어,24.03.20 - 24.04.07,24.03.20,24.04.07,성수,서울특별시 성동구 연무장길 38-1 엘리자베스빌딩 도어투성수,"넷플릭스, 피지컬100, 도어투성수, 피지컬100시즌2, 헬스, 피지컬100시즌2언더그라운드"
리빙/라이프스타일,용산 아이파크몰 X 플래지어 톰빈백소파 팝업,24.03.22 - 24.05.21,24.03.22,24.05.21,용산,서울특별시 용산구 한강대로23길 55 용산역 용산 아이파크몰 4층 리빙관 메인존,"플래지어, 쇼파, 빈백, 리빙, 디자인, 이벤트, 포토존, 용산"
향수/향,<서천 맥문동 조향실> 팝업스토어,24.03.22 - 24.03.31,24.03.22,24.03.31,홍대,서울특별시 마포구 동교로38길 19 스몰타운스몰,"향, 조향, 디퓨저, 체험, 제작, 데이트"
캐릭터/IP,키키쿼카 더현대 대구 팝업,24.03.22 - 24.04.04,24.03.22,24.04.04,대구,대구광역시 중구 달구벌대로 2077 현대백화점 더현대 대구 6층,"키키쿼카, 쿼카, 캐릭터, 굿즈, 이벤트, 엽서, 다꾸, 스티커"
엔터테인먼트,기안84 개인전 : 奇案島(기안도; 기묘한 섬),24.03.23 - 24.04.20,24.03.23,24.04.20,성수,서울특별시 성동구 성수이로 74 (주)서울지류유통 대림창고,"기안84, 대림창고, 전시, 무신사성수, 무신사, 성수, 전시회, 기안도, 기묘한섬, 무신사드롭, 개인전"
전자제품/자동차,LG 틔운 SHOWCASE,24.03.26 - 24.05.12,24.03.26,24.05.12,여의도,서울특별시 영등포구 선유로 173 LG전자 베스트샵 서울양평점 2층 LG전자 그라운드220,"LG전자, 그라운드220, 힐링, 체험, 만들기, 틔운, 차, 메리골드, 맨드라미, 왁스타블릿, 봄, 소풍, 드로잉, 엽서, 식물"
패션/잡화,브라운브레스 롯데월드몰 팝업,24.03.26 - 24.04.22,24.03.26,24.04.22,잠실,서울특별시 송파구 올림픽로 300 롯데월드타워앤드롯데월드몰 B1F,"브라운브레스, 롯데월드몰, 잠실, 패션, 옷, 봄, 쇼핑, 이벤트"
도서/문구,성수문방구,24.03.28 - 24.04.07,24.03.28,24.04.07,성수,서울특별시 성동구 서울숲4길 16-9 아트태그하우스 성수,"성수, 아트태그하우스, 전시, 굿즈, 인형, 소품, 문구류, 포토존, 이벤트, 봄, 벚꽃, 서울숲"
엔터테인먼트,DREAM()SCAPE ZONE,24.03.28 - 24.04.03,24.03.28,24.04.03,여의도,서울특별시 영등포구 여의대로 108 파크원 더현대 서울 B2F 아이코닉 스퀘어 더현대 서울 B2F 아이코닉 스퀘어,"NCT, NCT드림, 엔시티, 에스엠, SM, 아이돌, 성수, 팝업, 굿즈, 앨범, 이벤트, 스무디"
패션/잡화,아쿠비클럽 더현대 팝업스토어,24.03.28 - 24.04.03,24.03.28,24.04.03,여의도,"서울특별시 영등포구 여의대로 108 파크원 더현대 B2F, 이스트 팝업존","아쿠비클럽, 아쿠비더현대, 더현대팝업, 아쿠비스타일, acubiclub, 패션, 옷, 신상, 봄, 데이트"
패션/잡화,Blank 03 팝업,24.03.28 - 24.04.09,24.03.28,24.04.09,여의도,"서울특별시 영등포구 여의대로 108 파크원 더현대 서울 B2F, 이스트 팝업존","blank03, 블랭크공삼, 패션, 더현대, 여의도, 봄, 데이트, 옷, 신상, 할인, 이벤트, 증정"
캐릭터/IP,핑평모찌팥(PPMZP) 팝업,24.03.28 - 24.03.31,24.03.28,24.03.31,홍대,서울특별시 마포구 월드컵북로1길 14 웅일빌딩 2층 홍대집,"핑평모찌팥, 핑루, 평화, 모이또이, 훈찌, 단팥, 인생네컷, 스티커마켓, 스티커, 굿즈, 다꾸, 다이어리, 문구"
기관/금융,KTX 20주년 기념 철도문화전 <여정 그 너머>,24.03.29 - 24.04.21,24.03.29,24.04.21,명동,서울특별시 중구 통일로 1 서울역(본옥) 문화역서울284,"전시, KTX, 철도, 문화, 20주년, VR, 체험, 가족"
기타,2024 Eaty Pop-up,24.03.29 - 24.03.31,24.03.29,24.03.31,홍대,서울특별시 마포구 어울마당로 68 홍대 스타스퀘어,"잇티, eaty, 체험, 공연, 굿즈, 포토존, 블라인드소개팅, 핫플, 대동핫지도, 캡슐뽑기"
뷰티,발렌티노 뷰티 팝업스토어 in 부산,24.03.29 - 24.04.07,24.03.29,24.04.07,부산,부산광역시 해운대구 센텀남대로 35 신세계백화점센텀시티점 1층,"발렌티노뷰티, 화장품, 쿠션, 신상, 뷰티, 부산, 센텀시티, 고쿠션, 이벤트, 글리터, 향수"
F&B,탕후루카페 팝업스토어,24.03.29 - 24.04.04,24.03.29,24.04.04,여의도,"서울특별시 영등포구 여의대로 108 파크원 더현대 서울 B2F, 이스트 팝업존","탕후루카페, 사고오마카세, 아누누, 탕후루, 간식, 디저트, 더현대팝업, 더현대"
F&B,호가든 벚꽃 사진관,24.03.29 - 24.04.07,24.03.29,24.04.07,여의도,서울특별시 영등포구 여의서로 60-2 가로판매대22 국회 뒤편,"호가든, 여의도, 여의도벚꽃축제, 벚꽃, 축제, 호가든로제, 맥주, 술, 주류, 데이트, 커플, 포토존"
전자제품/자동차,MINI 헤리티지 & 비욘드 전시,24.03.29 - 24.04.21,24.03.29,24.04.21,강남,서울특별시 강남구 선릉로 807 KMCA미술관,"미니, MINI, 헤리티지, 역사, 혁신, 디자인, 자동차, 차, 차덕, 전시"
패션/잡화,루즈앤라운지 캡슐라인 팝업스토어,24.03.29 - 24.04.04,24.03.29,24.04.04,성수,서울특별시 성동구 연무장15길 11 태광산업 EQL GROVE,"루즈앤라운지, 베를린, 캡슐라인, 성수, EQL, 그라피티, 백팩, 컨버스백, 곰돌이키링, 패션, 룰라베어"
패션/잡화,LENINA 24 SPRING POP-UP ”BONJOUR TO LOVE“,24.03.29 - 24.04.23,24.03.29,24.04.23,성수,서울특별시 성동구 아차산로 78 남양에코넷센터 이구성수,"르니나, 사나, 트와이스, 브로슈어, 이벤트, 코사지, SNS, 29CM, 봄, 패션, 옷"
캐릭터/IP,롯타와봄 X 최고심,24.03.29 - 24.04.14,24.03.29,24.04.14,잠실,서울특별시 송파구 올림픽로 300 롯데월드타워앤드롯데월드몰,"최고심, 롯데, 월드타워, 잠실, 롯데월드, 잔디광장, 이벤트, 포토존, 굿즈, 캐릭터, 뮤직, 봄, 피크닉"
캐릭터/IP,플레이인더박스 X 익명깨꾹 팝업스토어,24.03.29 - 24.04.24,24.03.29,24.04.24,여의도,서울특별시 영등포구 여의대로 108 파크원 더현대 서울 5F 플레이인더박스 더현대 서울 5F 플레이인더박스,"익명이, 깨꾹이, 굿즈, 포토존, 캐릭터, 이벤트, 사은품, 인생네컷, 포토부스, 콜라보, 플레이인더박스"
리빙/라이프스타일,장인성의 말랑한 오피스,24.03.30 - 24.08.25,24.03.30,24.08.25,성수,서울특별시 성동구 연무장길 20 레어로우하우스,"장인성, 오피스, 사무실, 라이프스타일, 환경, 환경보호, 삶, 사전예약, 책, 독서"
뷰티,"클레어스 <열어봐, 너의 민감함>",24.03.30 - 24.04.14,24.03.30,24.04.14,성수,서울특별시 성동구 연무장5길 19,"클레어스, 스킨케어, 민감성, 피부, 사전예약, 민감함, 사연"
엔터테인먼트,HOPE ON THE STREET POP-UP,24.03.30 - 24.04.05,24.03.30,24.04.05,성수,서울특별시 성동구 둘레7길 15 1~3층,"BTS, 제이홉, 티빙, 방탄, 방탄소년단, 전시, 굿즈, 위버스, 빅히트, 아이돌"
기타,있어서 좋아! 팝업스토어,24.04.01 - 24.04.07,24.04.01,24.04.07,홍대,서울특별시 마포구 동교로38안길 17 수앤지빌 1층 팔시보스토어,"5호선청년부, 유튜브, 교회, 청년부, 소금빵, 굿즈, 포토존, 뽑기, 이벤트, 크리스천"
도서/문구,핀 서재 팝업스토어,24.04.01 - 24.04.06,24.04.01,24.04.06,강남,서울특별시 서초구 신반포로 321 미래엔,"핀시리즈, 핀서재, 기념, 팝업스토어, 책, 도서, 독서, 감상, 이벤트, 출판사, 현대문학"
뷰티,센카랜드,24.04.01 - 24.04.07,24.04.01,24.04.07,성수,서울특별시 성동구 성수일로 1 위키드와이프,"센카, 클렌징, 약산성, 카밍시카, 슈퍼럭키201, 콜라보, 룰렛, 경품, 체험"
뷰티,정샘물 Find Youtiful 팝업스토어,24.04.01 - 24.04.30,24.04.01,24.04.30,강남,서울특별시 서초구 강남대로 429 올리브영 강남타운,"정샘물, 화장품, 뷰티, 올리브영, 강남, 이벤트, 기획, 포토존, 나다움, 아름다움"
F&B,한맥 엑스트라 크리미 생 라이브,24.04.01 - 24.04.10,24.04.01,24.04.10,여의도,서울특별시 영등포구 국제금융로 10 서울 국제금융 센터 여의도 IFC몰 노스아트리움,"한맥, 한맥생맥주, 맥주, 여의도팝업, 생맥주, 술, 주류, 크리미, 체험, 선물, 이벤트"
F&B,버츄오 더블에스프레소 바,24.04.01 - 24.04.14,24.04.01,24.04.14,잠실,서울특별시 송파구 올림픽로 240 롯데월드 롯데백화점 잠실점 1층,"네스프레소, 버츄오, 에스프레소, 카페, 더블에스프레소바, 에스프레소바, 커피"
F&B,성수 바질연구소 팝업스토어,24.04.01 - 24.04.14,24.04.01,24.04.14,성수,서울특별시 성동구 뚝섬로3길 22 EPISODE Seong Su 121 스몰글라스,"너드브루어리, 바질, 막걸리, 바질연구소, 너드, 웰컴드링크, 주류, 술, 전통주, 체험, 시음"
F&B,봄에 취한 뿌엉이,24.04.01 - 24.04.30,24.04.01,24.04.30,강남,서울특별시 강남구 테헤란로1길 28-11 부엉이산장 강남점,"부엉이산장, 부엉이, 강남, 봄, 굿즈, 캐릭터, 이벤트, 추첨, 신메뉴, 전통주, 음식, 식사"
엔터테인먼트,베이비몬스터 팝업스토어,24.04.01 - 24.04.10,24.04.01,24.04.10,여의도,서울특별시 영등포구 여의대로 108 파크원 더현대 서울 B1F 이벤트 플라자,"베이비몬스터, YG, 걸그룹, 아이돌, 데뷔, 앨범, 굿즈, 신인, 가수, 노래"
패션/잡화,디앳지X제인마치 팝업,24.04.01 - 24.04.10,24.04.01,24.04.10,성수,서울특별시 성동구 성수일로3길 8 제인마치,"제인마치, 디앳지, CJ온스타일, 쇼핑몰, 홈쇼핑, 라이브방송, 라이브, 이벤트, 패션, 옷, 봄, 데이트"
패션/잡화,때무든 세탁소,24.04.01 - 24.04.30,24.04.01,24.04.30,성수,서울특별시 성동구 서울숲4길 26 1층,"세탁특공대, 빈티지, 서울숲, 세탁, 헌옷, 포토부스, 패션, 쇼핑, 옷, 인생네컷"
뷰티,헤라 블랙 쿠션 파운데이션 <ANYWHERE POP-UP>,24.04.02 - 24.04.21,24.04.02,24.04.21,성수,서울특별시 성동구 연무장길 11 (주)건영피혁 1층,"헤라, 블랙쿠션, 파운데이션, 화장품, 뷰티, 성수, 이벤트, 체험, 메이크업, 사전예약, 전시"
패션/잡화,이우가마카라스 팝업스토어,24.04.02 - 24.04.07,24.04.02,24.04.07,한남,서울특별시 용산구 이태원로 230 스퀘어 한남,"이우가마카라스, 아캄, 가방, 레트로, 디자이너, 아카이브, 리퍼브, 할인, 이벤트"
캐릭터/IP,도구리 <미니 팝업> in 잠실,24.04.02 - 24.04.30,24.04.02,24.04.30,잠실,서울특별시 송파구 올림픽로 300 롯데월드타워앤드롯데월드몰 4층 아크앤북 잠실점,"도구리, 굿즈, 미니팝업, 아크앤북, 봄, 벚꽃, 롯데월드몰"
캐릭터/IP,벨리곰 팝업스토어,24.04.02 - 24.05.31,24.04.02,24.05.31,명동,서울특별시 중구 명동길 15 나우인명동,"벨리곰, 캐릭터, 명동, 이벤트, 서커스, 굿즈, 포토존, 나우인명동, 특가"
반려동물/식물,TIME FOR SOMETHING: GREEN,24.04.03 - 24.04.21,24.04.03,24.04.21,성수,서울특별시 성동구 연무장17길 10 LCDC SEOUL DOORS,"선데이플래닛47, 식물, 식집사, LCDC, 성수, 체험, 반려식물, 케어, 굿즈, 선물, 초록, 건강, 힐링"
캐릭터/IP,아톰X잇섭 팝업스토어,24.04.04 - 24.04.10,24.04.04,24.04.10,여의도,서울특별시 영등포구 여의대로 108 파크원 더현대 서울 B2F 아이코닉존,"아톰, 잇섭, 콜라보, 유튜버, 연구실, 인테리어, 굿즈, 피규어, 더현대, 여의도, 캐릭터, 포토부스, 이벤트"
리빙/라이프스타일,BETTER FINGER 팝업스토어,24.04.05 - 24.04.18,24.04.05,24.04.18,수원,경기도 수원시 팔달구 덕영대로 924 AK플라자 2F 아카블랭크,"베터핑거, 주방, 식기, 텀블러, 이벤트, 경품, 즉석사진, 포토존, 스티커, 키링, 감성, 피크닉, 캠핑"
문화/예술,달리기 : 새는 날고 물고기는 헤엄치고 인간은 달린다,24.04.05 - 24.07.28,24.04.05,24.07.28,명동,서울특별시 중구 퇴계로6가길 30 피크닉,"피크닉, 전시, 달리기, 운동, 생활체육, 미술, 조각, 건축, 설치미술, 사진, 즐거움, 일상"
뷰티,설화수 인삼장 팝업스토어,24.04.05 - 24.04.14,24.04.05,24.04.14,부산,부산광역시 해운대구 센텀남대로 35 신세계백화점센텀시티점 1F,"설화수, 인삼장, 인삼, 헤리티지, 역사, 재해석, 화장품, 뷰티, 부산, 센텀시티, 이벤트"
F&B,서울(성수) 진로골드 판타지아,24.04.05 - 24.05.06,24.04.05,24.05.06,성수,서울특별시 성동구 연무장길 53 삼영빌딩,"진로, 진로골드, 판타지아, 황금비율, 주류, 술, 소주, 서울, 성수, 데이트, 봄"
패션/잡화,코치 성수 팝업,24.04.05 - 24.04.17,24.04.05,24.04.17,성수,서울특별시 성동구 연무장길 35 스테이지35,"코치, 캠페인, 포토존, AR, 체험, 성수, 사전예약, 퀼팅백, 가방, 경품, 증정, 이벤트, 봄"
캐릭터/IP,쿵야 레스토랑,24.04.05 - 24.05.16,24.04.05,24.05.16,홍대,서울특별시 마포구 양화로 162 카카오프렌즈 홍대플래그십 스토어,"쿵야레스토랑즈, 쿵야, 굿즈, 양파쿵야, 짤, 병맛, 인형, 키링, 캐릭터"
도서/문구,채소와 마주 한 상,24.04.06 - 24.04.06,24.04.06,24.04.06,종로,"서울특별시 종로구 자하문로10길 11 4층, space.entree","카멜북스, 신간, 도서, 런칭, 독자, 독서, 감상, 이벤트, 할인, 사은품, 재인작가, 채식"
뷰티,겔랑 아베이 로얄 팝업스토어,24.04.06 - 24.04.21,24.04.06,24.04.21,잠실,서울특별시 송파구 올림픽로 300 롯데월드타워앤드롯데월드몰 에비뉴엘 지하 1층,"겔랑, 아베이로얄, 신제품, 에센스, 크림, 화장품, 뷰티, 사전예약, 현장예약"
F&B,동대문매운김밥 팝업스토어,24.04.06 - 24.04.28,24.04.06,24.04.28,홍대,서울특별시 마포구 성미산로 190-4 지하,"동대문매운김밥, 김밥, 분식, 매운맛, 시그니처, 시식, 음식, 메뉴, 연남동"
뷰티,토리든 팝업스토어 : POSITIVE VIBE,24.04.08 - 24.04.28,24.04.08,24.04.28,성수,서울특별시 성동구 연무장17길 4 LES601 성수,"토리든, 화장품, 뷰티, 피부, 긍정, 성수, 증정, 이벤트, 클래스"
기타,어도비 포토샵 팝업스토어 <포토샵 AI로 세계 일주>,24.04.09 - 24.04.15,24.04.09,24.04.15,성수,서울특별시 성동구 연무장1길 7-1 공간 와디즈,"어도비, 포토샵, 생성형AI, 여행, 성수, AI, 체험, 이벤트, 굿즈"
기타,네이버페이 X 도어투성수 팝업스토어,24.04.09 - 24.04.22,24.04.09,24.04.22,성수,서울특별시 성동구 연무장길 38-1 엘리자베스빌딩 GS25 도어투성수,"네이버페이, GS25, 도어투성수, 성수팝업, 콜라보, 적립, 할인, 혜택, 이벤트, 굿즈, 한정, KEYTH, 발란사, 네이버"
향수/향,메모 그랜드 호텔,24.04.09 - 24.05.03,24.04.09,24.05.03,성수,서울특별시 성동구 연무장길 20-1,"메모파리, 향수, 여행, 체크인, 호텔, 게임, 카지노, 미션, 이벤트, 포토존, 사전예약, 포토부스, 할인"
캐릭터/IP,버터샵 팝업스토어,24.04.09 - 24.04.28,24.04.09,24.04.28,건대,서울특별시 광진구 아차산로 200 커먼그라운드,"버터샵, 굿즈, 캐릭터, 다꾸, 리뉴얼, 이벤트, 커먼그라운드, 건대, 건대입구, 쇼핑, 봄"
캐릭터/IP,테디테일즈 블라썸 포레스트 팝업,24.04.09 - 24.05.08,24.04.09,24.05.08,잠실,서울특별시 송파구 올림픽로 300 롯데월드타워앤드롯데월드몰 지하1층,"테디테일즈, 롯데월드몰, 잠실, 롯데, 굿즈, 인형, 테디베어, 레나베어, 체험, 인형옷, 키링, 포토존, 이벤트, 봄"
캐릭터/IP,옵젵상가 X 최고심 <속마음 비밀해제>,24.04.09 - 24.06.09,24.04.09,24.06.09,홍대,서울특별시 마포구 와우산로35길 13 오브젝트 서교점,"최고심, 오브젝트, 서교, 캐릭터, 굿즈, 만들기, 속마음, 비밀, 인형, 와펜, 키링, 파우치"
뷰티,주식회사 이니스프리의 인턴라이프,24.04.10 - 24.05.14,24.04.10,24.05.14,성수,서울특별시 성동구 성수이로7가길 11 (주)상현원색 디아일 성수,"이니스프리, 화장품, 뷰티, 피부, 인턴, 이벤트, 성수, 성수팝업, 체험, 포토존"
F&B,2024 느린마을 봄 페스타 팝업스토어,24.04.10 - 24.04.14,24.04.10,24.04.14,종로,"서울특별시 종로구 동호로 401-3 광장시장, 배상면의 비밀노트","느린마을, 막걸리, 광장시장, 종로, 팝업스토어, 봄, 벚꽃, 비밀노트, 선물, 이벤트, 술, 주류, 전통주"
패션/잡화,러프넥 팝업스토어,24.04.10 - 24.04.14,24.04.10,24.04.14,홍대,서울특별시 마포구 동교로38안길 17 수앤지빌 1층,"러프넥, 봄, 패션, 쇼핑, 굿즈, 소품, 이벤트, 할인, 한정, 리미티드, 목걸이, 수제화"
패션/잡화,르무통 팝업스토어,24.04.10 - 24.06.01,24.04.10,24.06.01,부산,부산광역시 기장군 기장읍 기장해안로 268-32 힐튼부산 아난티 앳 부산 코브,"르무통, 신발, 운동화, 편안함, 부산, 부산팝업, 컨셉, 부채, 인증샷, 포토존, 이벤트, 증정, 힐링, 여행"
기관/금융,DMZ: 디엠지 마을은 지금,24.04.11 - 24.04.22,24.04.11,24.04.22,홍대,서울특별시 마포구 동교로38길 19 스몰타운스몰,"DMZ, 평화, 특산물, 이벤트, 체험, 관광, 스토리텔링, 포토존, 굿즈"
전자제품/자동차,나르왈 바닥연구소 팝업스토어,24.04.11 - 24.04.16,24.04.11,24.04.16,하남,경기도 하남시 미사대로 750 스타필드 하남 1F 센트럴 아트리움,"나르왈, 청소, 바닥청소, 로봇청소기, 청소기, 전자제품, 가전제품, 디지털, 청결, 이벤트, 포토존, 임시완, 사인회"
캐릭터/IP,커플리즈 팝업스토어,24.04.11 - 24.04.21,24.04.11,24.04.21,여의도,서울특별시 영등포구 여의대로 108 파크원 더현대서울 지하1층 대행사장,"커플리즈, 캐릭터, 더현대, 이벤트, 굿즈, 다꾸, 인형, 엽서, 커플, 데이트, 쇼핑, 이모티콘"
기타,구석구석가게,24.04.12 - 24.04.27,24.04.12,24.04.27,성수,서울특별시 성동구 연무장13길 8 1층 리얼월드 성수,"리얼월드, 방탈출, 마트, 게임, 음료, 경품, 이벤트, 체험, 사전예약, 성수, 데이트"
F&B,"유자 아일랜드 : 유자의 고향, 노란빛의 남해로가게",24.04.12 - 24.04.18,24.04.12,24.04.18,분당,경기도 성남시 분당구 황새울로200번길 45 롯데백화점 분당점 B1F,"남해, 남해로가게, 롯데웰푸드, 유자, 상큼, 분당, 농산물, 상생, 빼빼로, 유자빼빼로"
F&B,커피 리브레 팝업,24.04.12 - 24.04.21,24.04.12,24.04.21,강남,"서울특별시 강남구 강남대로 426 진우빌딩 1층, 지하1층","커피, 원두, 카페, 틈트미, LG, 유플러스, 일상비일상의틈, 시음, 핸드드립, 체험, 할인, 이벤트, 강남"
F&B,트리키 콜라 러브 모텔 팝업스토어,24.04.12 - 24.04.21,24.04.12,24.04.21,성수,서울특별시 성동구 성수이로7길 24 로우로우센터,"더부스, 트리키콜라, 하이볼, 위스키, 주류, 술, 시음, 포토존, 트램펄린, 굿즈, 이벤트, 성인"
F&B,Texture of Texture 성수,24.04.12 - 24.04.28,24.04.12,24.04.28,성수,서울특별시 성동구 성수이로 82 2층 텅 성수 스페이스,"하겐다즈, 아이스크림, 텅스페이스, 텍스처, 인테리어, 디저트, 프리미엄, 갤러리, 시식, 경품, 이벤트, 포토존, 봄, 데이트"
F&B,Texture of Texture 잠실,24.04.12 - 24.04.28,24.04.12,24.04.28,잠실,서울특별시 송파구 올림픽로 300 롯데월드타워앤드롯데월드몰 지하1층 텅 잠실 스페이스,"하겐다즈, 아이스크림, 텅스페이스, 텍스처, 인테리어, 디저트, 프리미엄, 갤러리, 시식, 경품, 이벤트, 포토존, 봄, 데이트"
F&B,Texture of Texture 신사,24.04.12 - 24.04.28,24.04.12,24.04.28,강남,서울특별시 강남구 도산대로11길 31 에스에이치스페이스 4층 텅 신사 스페이스,"하겐다즈, 아이스크림, 텅스페이스, 텍스처, 인테리어, 디저트, 프리미엄, 갤러리, 시식, 경품, 이벤트, 포토존, 봄, 데이트"
F&B,짜파게티 분식점,24.04.12 - 24.05.11,24.04.12,24.05.11,성수,"서울특별시 성동구 연무장11길 13 플랜트란스 1층, 2층","농심, 짜파게티, 너구리, 신라면, 안성탕면, 식품, 요리, 짜장면, 40주년, 분식, K푸드, 게임, 이벤트, 포토존, 브랜드, 콘텐츠"
F&B,부산(서면) 진로골드 판타지아,24.04.12 - 24.05.12,24.04.12,24.05.12,부산,부산광역시 부산진구 중앙대로680번가길 38,"진로, 진로골드, 판타지아, 황금비율, 주류, 술, 소주, 부산, 서면, 봄, 데이트"
패션/잡화,"SEOUL IS CONFIRMED [ICON, LIVE LOUD]",24.04.12 - 24.04.22,24.04.12,24.04.22,성수,서울특별시 성동구 성수이로20길 57 레이어 57,"아디다스, 신발, 패션, 스포츠, 쇼핑, 티셔츠, 키링, 이벤트, 선착순, 바베큐, 디제잉, 공연, 빈티지, 체험, 전시"
패션/잡화,T.C.P X 현대백화점 팝업스토어,24.04.12 - 24.04.25,24.04.12,24.04.25,부천,경기도 부천시 원미구 길주로 180 현대백화점 중동점,"더콜렉터페이지, 패션, 쇼핑, 옷, 현대백화점, 부천, 프로모션, 이벤트, 아티스트, 전시"
캐릭터/IP,찌오의 마음은 오리무중,24.04.12 - 24.05.23,24.04.12,24.05.23,강남,서울특별시 서초구 강남대로 429 카카오프렌즈 강남 플래그십스토어,"찌오, 찌그렁오리, 캐릭터, 이모티콘, 굿즈, 다꾸, 이벤트, 엽서, 증정, 시크릿, 선착순"
도서/문구,마플샵 팝업스토어,24.04.13 - 24.04.28,24.04.13,24.04.28,성수,서울특별시 성동구 성수일로 47 송도빌딩 1층,"마플샵, 굿즈, 소품, 성수, 뚝섬, 다꾸, 크리에이터, 이벤트, 쇼핑, 데이트"
반려동물/식물,넌 어느 별에서 왔니?,24.04.13 - 24.07.21,24.04.13,24.07.21,기타,세종특별자치시 수목원로 136 국립세종수목원 사계절온실 중앙홀,"수목원, 국립세종수목원, 식물, 자연, 환경, 전시, 반려식물, 괴근식물"
F&B,스키피 ® 랜드,24.04.13 - 24.04.21,24.04.13,24.04.21,종로,서울특별시 종로구 삼일대로28길 28 누디트 익선,"스키피, SKIPPY, 땅콩, 땅콩버터, 굿즈, 이벤트, 포토존, 식품, 잼, 토스트, 누디트익선"
캐릭터/IP,"딸기크레페맛 쿠키팝업 ""크레페 크래쉬""",24.04.13 - 24.04.21,24.04.13,24.04.21,성수,서울특별시 성동구 연무장길 101-1 오우드 성수1호점,"쿠키런, 게임, 데브시스터즈, 확률, 아이템, 크레페, 쿠키, 성수, 성수팝업, 봄, 과자, 쿠키런킹덤, 캐릭터"
캐릭터/IP,헬로키티 50주년 특별전 : 산리오 캐릭터즈와의 여행,24.04.13 - 24.08.13,24.04.13,24.08.13,동대문,서울특별시 중구 을지로 281 동대문디자인플라자(DDP) 뮤지엄 지하2층 전시1관,"산리오, 헬로키티, 전시, 동대문디자인플라자, DDP, 굿즈, 이벤트, 얼리버드, 티켓"
뷰티,미쟝센 퍼펙트 세럼 팝업,24.04.16 - 24.04.28,24.04.16,24.04.28,성수,서울특별시 성동구 아차산로11길 7 (주)아세아이엔티 아모레성수,"미쟝센, 성수, 아모레성수, 뷰티, 세럼, 헤어, 케어, 에센스, 관리, 이벤트, 체험, 키링, 에스파"
기타,마라톤 - 나만의 결승선,24.04.17 - 24.04.23,24.04.17,24.04.23,마포,서울특별시 마포구 월드컵로 51 3층 논스케일드 갤러리,"푸르메재단, 옐토, 장애, 장애어린이, 전시, 이벤트, 체험, 꿈, 결승선, 그림, 미술, 재활, 치료"
도서/문구,모두의 노트 : MD 노트 (프렐류드),24.04.17 - 24.06.02,24.04.17,24.06.02,대전,대전광역시 중구 중앙로129번길 30 1층,"프렐류드, 스튜디오, MD노트, 노트, 체험, 전시, 굿즈, 미도리, 문구, 봄, 데이트"
뷰티,"아멜리 팝업스토어 ""이상한 컬러 마법""",24.04.18 - 24.04.24,24.04.18,24.04.24,여의도,서울특별시 영등포구 여의대로 108 파크원 더현대서울 지하2층 아이코닉 스퀘어,"아멜리, 화장품, 뷰티, 마법, 컬러, 퍼스널컬러, 이벤트, 신제품, AI, 쿠션, 립팟, 프로모션"
캐릭터/IP,ATOM Special Exhibition,24.04.18 - 24.05.07,24.04.18,24.05.07,강남,서울특별시 강남구 압구정로46길 65-2 히든파크 2층,"킨키로봇, 아톰, 로봇, 캐릭터, 굿즈, 전시, 애니메이션, 만화, 이벤트, 수집, 추억"
캐릭터/IP,캐리와 친구들 팝업스토어,24.04.18 - 24.05.08,24.04.18,24.05.08,강서,서울특별시 강서구 화곡로 398 홈플러스강서점앤본사사옥 1층 웰컴존,"캐리TV, 캐리, 캐릭터, 홈플러스, 엘리, 팬미팅, 어린이날, 어린이, 가족, 사은품, 포토존, 굿즈"
도서/문구,봄날의 시크닉,24.04.19 - 24.04.28,24.04.19,24.04.28,마포,서울특별시 마포구 포은로8길 29 망원 디콜라보,"창비, 출판사, 시, 문학, 작품, 글, 독서, 피크닉, 봄, 시크닉, 이벤트, 굿즈, 시인"
리빙/라이프스타일,브롬톤 런던 팝업스토어,24.04.19 - 24.05.31,24.04.19,24.05.31,성수,"서울특별시 성동구 뚝섬로17가길 56 THN Lab 1층, 6층","브롬톤, 브롬톤런던, 브롬톤런던1975, 자전거, 작업, 아카이브, 역사, 사은품"
문화/예술,국립한글박물관 기획특별전 <사투리는 못 참지!>,24.04.19 - 24.10.13,24.04.19,24.10.13,용산,서울특별시 용산구 서빙고로 139 국립한글박물관 3층 기획전시실,"국립한글박물관, 한글, 사투리, 방언, 언어, 전시, 문화"
뷰티,브링그린 피부 구조대,24.04.19 - 24.04.27,24.04.19,24.04.27,성수,서울특별시 성동구 연무장7길 13 팩토리얼성수,"브링그린, 화장품, 뷰티, 피부, 케어, 트러블, 경품, 할인, 인증샷, 포토존, 굿즈, 이벤트"
뷰티,AGE 20’s 메이크업카페,24.04.19 - 24.04.28,24.04.19,24.04.28,수원,경기도 수원시 팔달구 덕영대로 924 AK플라자 수원 1층,"AK플라자, AGE20, 화장품, 쿠션, 파운데이션, 뷰티, 피부, 이벤트, 메이크업"
스포츠/건강,바이컬러 팝업스토어,24.04.19 - 24.04.30,24.04.19,24.04.30,수원,경기도 수원시 팔달구 덕영대로 924 AK플라자 수원 1층 수원 6층,"AK플라자, 바이컬러, 치약, 칫솔, 덴탈케어, 치아, 이벤트, 포토존"
스포츠/건강,키움히어로즈 팝업스토어,24.04.19 - 24.05.05,24.04.19,24.05.05,강서,서울특별시 구로구 경인로 662 디큐브시티 현대백화점 지하1층 STAGE D,"키움히어로즈, 키움, 야구, 구단, 스포츠, 굿즈, 이벤트, 단독, 신상, 히어로즈"
F&B,글렌알라키 인 서울,24.04.19 - 24.04.28,24.04.19,24.04.28,여의도,서울특별시 영등포구 여의대로 108 파크원 더현대 서울 지하1층,"글렌알라키, 위스키, 주류, 술, 한정판, 빌리워커, 사인회, 포토존, 이벤트, 클래스, 테이스팅, 한정, 시음"
캐릭터/IP,BLACK CHERRYPIE POP-UP,24.04.19 - 24.05.03,24.04.19,24.05.03,명동,서울특별시 중구 명동길 43 신한은행 라인프렌즈 스퀘어 명동,"블랙체리파이, 캐릭터, 이공, 일러스트, 굿즈, 힐링, 위로, 쇼핑, 명동, 라인프렌즈, 데이트"
캐릭터/IP,플레이모빌 맨션 : 6개의 방으로 놀러와,24.04.19 - 24.08.11,24.04.19,24.08.11,신촌,서울특별시 서대문구 연희로11가길 48-10 뉴스뮤지엄연희 B동 G.F,"플레이모빌, 50주년, 기념전, 룸투어, 빌리지, 미션, 포토존, 굿즈, 한정판, 연희동, 뉴스뮤지엄, 전시"
도서/문구,모두의 노트 : MD 노트 (포인트오브뷰),24.04.20 - 24.04.28,24.04.20,24.04.28,성수,서울특별시 성동구 연무장길 18 온실 2F,"포인트오브뷰, MD노트, 노트, 미도리, 일본, 굿즈, 체험, 전시, 봄, 성수, 데이트, 문구"
뷰티,2024 서울 쥬시 올롬픽,24.04.20 - 24.05.02,24.04.20,24.05.02,성수,서울특별시 성동구 연무장7길 13 팩토리얼성수 1층,"롬앤, 뷰티, 화장품, DIY, 색조, 테스트, 쇼핑, 쥬시, 틴트, 성수, 포토존, 게임, 굿즈, 사전예약"
패션/잡화,콜링 더 러너스 팝업스토어,24.04.20 - 24.04.27,24.04.20,24.04.27,용산,서울특별시 용산구 한강대로 92 LS용산타워 1층 1층,"프로스펙스, 스포츠, 운동화, 러닝, 러너, 마라톤, 운동복, 쇼핑, 포토부스, 에너지, 운동, 헬스"
캐릭터/IP,루나스 X 호텔리어스,24.04.20 - 24.04.27,24.04.20,24.04.27,강남,서울특별시 서초구 서초중앙로 63-8 복산빌딩 1층 호텔리어스 커피,"루나스, 호텔리어스, 커피, 카페, 한정판, 이벤트, 출산선물, 가방, 핸드메이드, 아이, 선물"
문화/예술,Illusion. ZIP : 착시미술테마 展 by LALALEE·박준석·엄익훈,24.04.22 - 24.06.02,24.04.22,24.06.02,수원,경기도 수원시 팔달구 덕영대로 924 AK플라자 수원 1층 수원 6층 수원 6층 AK갤러리,"AK플라자, AK갤러리, 일루션, 착시미술, 전시, 미술, 예술, LALALEE, 박준석, 엄익훈, 이벤트, 체험, 포토존"
패션/잡화,따스한기록 팝업스토어,24.04.23 - 24.04.28,24.04.23,24.04.28,강남,서울특별시 강남구 언주로168길 34 아몬즈랩,"따스한기록, 뷰티, 주얼리, 보석, 목걸이, 반지, 팔찌, 액세서리, 패션, 쇼핑, 이벤트, 신상품"
패션/잡화,A Cloud Traveler : 구름 위를 걷는 기분,24.04.23 - 24.07.28,24.04.23,24.07.28,성수,서울특별시 성동구 연무장길 81 남경빌딩 1층,"플러피시트러스, 편안함, 아름다움, 패션, 쇼핑, 신발, 운동화, 구두, 구름, 메리제인"
캐릭터/IP,상상마당 X 위글위글 팝업스토어 <Wiggle Wiggle's Happy Market>,24.04.23 - 24.07.07,24.04.23,24.07.07,홍대,서울특별시 마포구 어울마당로 65 상상마당빌딩 디자인스퀘어 2층 디자인스퀘어 1층,"상상마당, 위글위글, 콜라보, 컬러풀, 굿즈, 캐릭터, 쇼핑, 다꾸"
기관/금융,"N2, NIGHT",24.04.24 - 24.06.05,24.04.24,24.06.05,성수,서울특별시 성동구 연무장길 73 XYZ SEOUL,"NH, NH투자증권, 투자, 금융, 증권, 프로그램, 자가진단, 명상, 힐링, 인사이트, 강의, 콘서트"
문화/예술,"미래긍정: 노먼 포스터, 포스터 + 파트너스",24.04.25 - 24.07.21,24.04.25,24.07.21,명동,서울특별시 중구 덕수궁길 61 서울시립미술관 서소문본관 1층 전시실,"노먼포스터, 건축, 건축가, 거장, 문화예술, 공공건축, 지속가능성, 모형, 드로잉, 영상, 아카이브"
뷰티,입생로랑 러브샤인 팩토리 팝업,24.04.25 - 24.05.01,24.04.25,24.05.01,성수,서울특별시 성동구 성수이로 97 E()PTY,"입생로랑, 화장품, 뷰티, 러브샤인, 립스틱, 틴트, 립제품, 이벤트, 터치업, 메이크업, 사전예약"
F&B,투게더 50주년 팝업스토어,24.04.25 - 24.05.08,24.04.25,24.05.08,성수,서울특별시 성동구 성수이로18길 6-1,"빙그레, 투게더, 아이스크림, 디저트, 50주년, 성수, 사전예약, 팝업스토어, 이벤트"
F&B,GS25 X 선양카지노 팝업스토어,24.04.25 - 24.05.12,24.04.25,24.05.12,성수,서울특별시 성동구 연무장길 38-1 엘리자베스빌딩 GS25 도어투성수,"선양소주, 소주, 술, 주류, 도어투성수, GS25, 성수팝업, 이벤트, 사전예약"
패션/잡화,샵사이다 X 웨이크메이크 팝업스토어⁠,24.04.25 - 24.05.01,24.04.25,24.05.01,여의도,서울특별시 영등포구 여의대로 108 파크원 더현대 서울 지하2층 아이코닉 팝업존,"샵사이다, 패션, 쇼핑, 쿨, 케이팝, 큐트, 미니멀, 럭키드로우, 이벤트, 웨이크메이크"
캐릭터/IP,실바니안패밀리 팝업스토어 <프레야의 선물 특별전>,24.04.25 - 24.05.06,24.04.25,24.05.06,수원,경기도 수원시 장안구 수성로 175 스타필드 수원 1층 그랜드아트리움,"실바니안, 실바니안패밀리, 동물, 장난감, 어린이, 어린이날, 가족, 나들이"
캐릭터/IP,포켓몬 팝업스토어 in 수원,24.04.25 - 24.05.09,24.04.25,24.05.09,수원,경기도 수원시 권선구 세화로 134 롯데몰 수원점 1층 Center Hall,"포켓몬, 포켓몬스터, 캐릭터, 애니메이션, 만화, 굿즈, 인형, 쇼핑, 어린이날, 가족, 나들이, 봄, 게임"
기관/금융,양구곰취축제 곰산곰해,24.04.26 - 24.05.05,24.04.26,24.05.05,홍대,서울특별시 마포구 동교로38길 19 스몰타운스몰,"양구, 지역, 관광, 곰취, 막걸리, 주류, 술, 축제, 시음, 이벤트"
도서/문구,『분실물이 돌아왔습니다』 팝업스토어,24.04.26 - 24.05.19,24.04.26,24.05.19,여의도,서울특별시 영등포구 여의대로 108 파크원 더현대 서울 6층 언커먼스토어,"밀리의서재, 모트모트, 독서, 도서, 취미, 문구, 문방구, 소설, 콜라보, 이벤트"
리빙/라이프스타일,TOWELKUN IN 스타필드 수원점 POP-UP,24.04.26 - 24.05.23,24.04.26,24.05.23,수원,경기도 수원시 장안구 수성로 175 신세계 스타필드 수원점 별마당도서관 2F,"송월타올, 수건, 타올군, 캐릭터, 수원, 스타필드, 럭키드로우, 사은품, 할인"
뷰티,리쥬란 팝업스토어,24.04.26 - 24.05.06,24.04.26,24.05.06,잠실,서울특별시 송파구 올림픽로 300 롯데월드타워앤드롯데월드몰 1층,"리쥬란, 더마코스메틱, 뷰티, 화장품, 피부, 잠실, 앰플, 이벤트, 사전예약, 포토존"
F&B,위니비니 팝업스토어,24.04.26 - 24.05.09,24.04.26,24.05.09,부산,부산광역시 해운대구 센텀남대로 35 신세계백화점센텀시티점 지하2층 하이퍼그라운드,"위니비니, 젤리, 간식, 사탕, 초콜릿, 디저트, 쇼핑, 센텀시티, 포토부스, 이벤트"
엔터테인먼트,마이페이보릿 시네마 스토어,24.04.26 - 24.05.09,24.04.26,24.05.09,용산,서울특별시 용산구 한강대로23길 55 용산역 용산 아이파크몰 6층,"마이페이보릿, 영화, 시네마, 굿즈, 쇼핑, 용산, 이벤트, 음반, 앨범, 사운드트랙"
엔터테인먼트,BTS POP-UP : MONOCHROME,24.04.26 - 24.05.12,24.04.26,24.05.12,성수,서울특별시 성동구 성수일로4길 12 AP AGAIN,"방탄소년단, BTS, 아이돌, 가수, 빅히트, 추억, 기억, 굿즈, 위버스, 하이브"
패션/잡화,브라운브레스 팝업 in 동탄,24.04.26 - 24.05.05,24.04.26,24.05.05,기타,경기도 화성시 동탄역로 160 동탄역 롯데캐슬 롯데백화점 동탄점 4층,"브라운브레스, 패션, 쇼핑, 이벤트, 증정, 사은품, 동탄"
패션/잡화,네파 서프 클럽 팝업,24.04.26 - 24.05.06,24.04.26,24.05.06,성수,서울특별시 성동구 연무장1길 7-1 공간 와디즈,"네파, 서프클럽, 여름, 패션, 쇼핑, 옷, 이벤트, 경품, 론체어, 의자"
패션/잡화,마크엠X순이지 팝업스토어,24.04.26 - 24.05.06,24.04.26,24.05.06,성수,서울특별시 성동구 연무장17길 2,"마크엠, 순이지, 여름, 패션, 쇼핑, 옷, 할인, 이벤트, 사은품"
패션/잡화,브라운브레스 팝업 in 울산,24.04.26 - 24.05.09,24.04.26,24.05.09,기타,울산광역시 남구 삼산로 261 현대백화점 울산점 6층,"브라운브레스, 패션, 쇼핑, 이벤트, 증정, 사은품, 울산"
패션/잡화,YELLOW MAGIC 팝업스토어 in 용리단길,24.04.26 - 24.05.26,24.04.26,24.05.26,용산,서울특별시 용산구 한강대로40길 9 e편한모텔 쏠티캐빈 화이트,"마크곤잘레스, 라인프렌즈, 콜라보, 패션, 쇼핑, 옷, 캐릭터, 굿즈, 이벤트, 포토존"
캐릭터/IP,탄광마을의 흰둥이 팝업스토어,24.04.26 - 24.05.06,24.04.26,24.05.06,용산,서울특별시 용산구 한강대로23길 55 용산역 용산 아이파크몰 6층 더 코너,"짱구는못말려, 흰둥이, 애니메이션, 만화, 캐릭터, 굿즈, 쇼핑, 용산, 포토존, 게임, 이벤트"
캐릭터/IP,별별춘식 팝업스토어,24.04.26 - 24.05.08,24.04.26,24.05.08,강남,서울특별시 서초구 신반포로 176 센트럴시티 신세계백화점 강남점 B1F 파미에스트리트,"춘식이, 카카오프렌즈, 카카오톡, 이모티콘, 캐릭터, 고양이, 굿즈, 다꾸, 이벤트, 사전예약, 포토존"
캐릭터/IP,포켓몬 타운 2024 with 롯데,24.04.26 - 24.05.19,24.04.26,24.05.19,잠실,서울특별시 송파구 올림픽로 300 롯데월드타워앤드롯데월드몰 잠실 롯데월드몰&월드타워 일대,"포켓몬, 포켓몬스터, 캐릭터, 콜라보, 롯데, 롯데월드, 월드타워, 피카츄, 포켓몬타운, 체험, 전시, 어린이, 가족, 나들이, 석촌호수"
캐릭터/IP,포켓몬 팝업스토어 in 잠실,24.04.26 - 24.05.19,24.04.26,24.05.19,잠실,서울특별시 송파구 올림픽로 300 롯데월드타워앤드롯데월드몰 1층 아트리움,"포켓몬, 포켓몬스터, 캐릭터, 애니메이션, 만화, 굿즈, 인형, 쇼핑, 어린이날, 가족, 나들이, 봄, 게임"
캐릭터/IP,스튜디오 지브리 타카하타 이사오전,24.04.26 - 24.08.03,24.04.26,24.08.03,종로,"서울특별시 종로구 세종대로 175 세종문화회관 미술관 1, 2관","스튜디오지브리, 지브리, 애니메이션, 대원미디어, 전시, 미술관, 타카하타이사오, 데이트, 봄, 사전예약, 얼리버드"
뷰티,바쿠치올 TO-GO 바이위시트렌드 팝업스토어,24.04.27 - 24.05.06,24.04.27,24.05.06,성수,서울특별시 성동구 연무장5길 19 노아베이커리 성수,"바이위시트렌드, 바쿠치올, 화장품, 뷰티, 피부, 관리, 에이징케어, 웰컴키트, 증정, 선물, 이벤트, 사전예약"
패션/잡화,오키오 라운지 팝업,24.04.27 - 24.05.08,24.04.27,24.05.08,성수,서울특별시 성동구 연무장길 38 1층 러브러브러브 성수,"오키오, 오키오라운지, 러브러브러브성수, 후지필름, 패션, 쇼핑, 이벤트, 사은품, 포토부스"
캐릭터/IP,철들지마 레고 팝업,24.04.27 - 24.05.12,24.04.27,24.05.12,성수,서울특별시 성동구 성수이로7길 39,"레고, 레고브릭, 럭키드로우, 이벤트, 어른이, 어린이, 어린이날, 가족, 쇼핑, 선물, 카페, 갤러리"
뷰티,UIQ UNIVERSE,24.04.28 - 24.04.30,24.04.28,24.04.30,명동,서울특별시 중구 소공로 63 신세계백화점건물 본점,"유이크, 이벤트, 명동, 사전구매, 굿즈, 라이즈, 아이돌, 화장품, 뷰티, 피부, 럭키드로우, 포토존"
도서/문구,별 조각 상점,24.04.29 - 24.05.12,24.04.29,24.05.12,기타(서울),서울특별시 동작구 상도로 258 신혜의원 3층,"별조각상점, 전시, 웅진주니어, 그림, 일러스트, 그림책, 어린이, 캐릭터, 동화책, 동화, 독서, 책"
뷰티,COLORED KEYTH X 더현대 서울 팝업 스토어,24.04.29 - 24.05.09,24.04.29,24.05.09,여의도,서울특별시 영등포구 여의대로 108 파크원 더현대 서울 1층 GATE1 정문 앞,"KEYTH, 키스, 메이크업, 화장품, 뷰티, 신제품, 아름다움, 피부"
뷰티,샤넬 루쥬 알뤼르 팝업,24.04.29 - 24.05.26,24.04.29,24.05.26,성수,서울특별시 성동구 성수이로26길 28 우일벤처타운,"샤넬, 화장품, 뷰티, 립스틱, 사전예약, 한정, 포토존, 메이크업, 이벤트"
스포츠/건강,파스타 팝업스토어,24.04.29 - 24.05.09,24.04.29,24.05.09,강남,서울특별시 서초구 신반포로 176 센트럴시티 신세계백화점 강남점 지하1층,"파스타, 건강, 헬스, 건강관리, 의료기기, 소프트웨어, 카카오, 라이언, 강남, 이벤트, 혈당"
향수/향,몰튼 브라운 팝업스토어,24.04.29 - 24.05.12,24.04.29,24.05.12,강동,서울특별시 강동구 천호대로 1005 현대백화점 천호점 1층,"몰튼브라운, 가정의달, 리미티드, 한정판, 미니어처, 증정, 로션, 향수"
뷰티,테일러센츠 팝업스토어,24.04.30 - 24.05.06,24.04.30,24.05.06,성수,서울특별시 성동구 연무장길 81 남경빌딩 1층 스퀘어 성수2,"테일러센츠, 화장품, 뷰티, 핸드크림, 무료각인, 럭키드로우, 이벤트"
뷰티,에스트라 팝업스토어 <리제덤 365 슬로우 하우스>,24.04.30 - 24.05.22,24.04.30,24.05.22,성수,서울특별시 성동구 연무장길 11 (주)건영피혁,"에스트라, 슬로우하우스, 화장품, 뷰티, 피부, 모공진단, 피부진단, 체험, 스탬프투어"
캐릭터/IP,상상마당 X 제로퍼제로 팝업스토어 <WALK WALK HONGDAE WITH ZERO PER ZERO>,24.04.30 - 24.07.07,24.04.30,24.07.07,홍대,서울특별시 마포구 어울마당로 65 상상마당빌딩 디자인스퀘어 2층,"상상마당, 제로퍼제로, 콜라보, 반려동물, 일러스트, 굿즈, 다꾸, 쇼핑"
기관/금융,토더기 팝업스토어,24.05.01 - 24.07.27,24.05.01,24.07.27,기타,"경상남도 김해시 봉황대길 28 1, 2층","김해, 지역, 관광, 문화, 캐릭터, 굿즈, 포토부스, 오리"
기관/금융,"청와대 개방 2주년 특별전 <정상의 악수, 자유의 약속 : 정상으로 모십니다>",24.05.01 - 24.07.29,24.05.01,24.07.29,종로,"서울특별시 종로구 청와대로 1 청와대 세종실, 인왕실, 충무실","청와대, 전시, 정상, 외교, 문화, AI, 체험, 공연"
도서/문구,깜냥 편의점,24.05.01 - 24.05.15,24.05.01,24.05.15,기타,경기도 용인시 기흥구 신고매로 124 롯데프리미엄아울렛 기흥점,"창비, 창비어린이, 어린이, 어린이날, 가족, 나들이, 깜냥, 고양이, 캐릭터, 굿즈, 팬미팅, 사전예약, 책, 독서"
문화/예술,REAL BANKSY : banksy is NOWHERE,24.05.01 - 24.10.20,24.05.01,24.10.20,종로,서울특별시 종로구 인사동9길 26 그라운드 서울,"리얼뱅크시, 예술, 문화, 전시, 관람, 작품, 체험, 포토존"
뷰티,바이오힐보 모공연구소 팝업스토어 <PROBIO LAB>,24.05.01 - 24.05.11,24.05.01,24.05.11,성수,서울특별시 성동구 연무장7길 13 팩토리얼성수,"바이오힐보, 바이오힐, 화장품, 뷰티, 샘플, 증정, 이벤트, 피부, 피부관리"
뷰티,라네즈 X 바오패밀리 팝업 'NEO FOREST',24.05.01 - 24.05.12,24.05.01,24.05.12,성수,서울특별시 성동구 아차산로11길 7 (주)아세아이엔티 아모레 성수,"아모레성수, 라네즈, 푸바오, 바오패밀리, 판다, 동물, 캐릭터, 굿즈, 화장품, 뷰티, 체험, 신제품, 포토존, 럭키드로우, 이벤트"
F&B,불가리스 세계 명화전,24.05.01 - 24.05.07,24.05.01,24.05.07,종로,서울특별시 종로구 세종대로 175 세종문화회관 뜨락,"불가리스, 명화, 전시, 열정, 와다다곰, 콜라보, 이벤트, 세계명화"
F&B,칠성 레트로 팝업스토어,24.05.01 - 24.05.12,24.05.01,24.05.12,종로,"서울특별시 종로구 삼일대로28길 28 누디트 익선 A, B, C동","칠성, 칠성사이다, 사이다, 음료, 레트로, 복고, 이벤트"
엔터테인먼트,NO.1 K콘텐츠역,24.05.01 - 24.05.03,24.05.01,24.05.03,명동,서울특별시 중구 을지로 12 시청광장지하쇼핑센터 시청역 서울광장,"tvN, 티비엔, 드라마, 예능, 콘텐츠, K콘텐츠, 한류, 유튜브, OTT, 포토존, 이벤트, 굿즈"
패션/잡화,젠틀몬스터 팝업스토어 <젠틀 살롱>,24.05.01 - 24.06.30,24.05.01,24.06.30,강남,서울특별시 강남구 압구정로46길 50 QUEENMAMA MARKET 하우스 도산,"젠틀몬스터, 제니, 컬렉션, 아이웨어, 참, 포토존, 안경, 선글라스"
캐릭터/IP,레고 전시 팝업 <THE BRICK ART SHOW>,24.05.01 - 24.05.12,24.05.01,24.05.12,강남,서울특별시 서초구 신반포로 176 센트럴시티 신세계백화점 강남점 1층,"레고, 레고코리아, 전시, 타이타닉, 런던, 해리포터, 예술"
캐릭터/IP,포켓몬 팝업스토어 in 부산,24.05.01 - 24.05.15,24.05.01,24.05.15,부산,부산광역시 중구 중앙대로 2 롯데백화점광복점 지하1층 분수대광장,"포켓몬, 포켓몬스터, 캐릭터, 애니메이션, 만화, 굿즈, 인형, 쇼핑, 어린이날, 가족, 나들이, 봄, 게임"
캐릭터/IP,잔망루피 잔망라이프 팝업스토어,24.05.01 - 24.05.15,24.05.01,24.05.15,부천,경기도 부천시 원미구 길주로 180 현대백화점 중동점 유플렉스관 1F,"잔망루피, 캐릭터, 굿즈, 포토존, 루피, 경품, 이벤트"
캐릭터/IP,닌텐도 스위치 체험 이벤트 팝업,24.05.01 - 24.05.26,24.05.01,24.05.26,여의도,서울특별시 영등포구 영중로 15 타임스퀘어 1층 로비,"닌텐도, 스위치, 게임, 커비, 마리오, 피크민, 젤다, 굿즈, 이벤트, 포토존, 체험"
캐릭터/IP,노티드X시크릿쥬쥬 팝업스토어,24.05.01 - 24.05.31,24.05.01,24.05.31,잠실,서울특별시 송파구 올림픽로 300 롯데월드타워앤드롯데월드몰 5층 노티드월드,"노티드, 도넛, 디저트, 간식, 시크릿쥬쥬, 캐릭터, 어린이, 키즈, 굿즈, 콜라보, 포토존"
캐릭터/IP,카드캡터사쿠라전 (展) | 마법의 걸린 미술관,24.05.01 - 24.07.02,24.05.01,24.07.02,홍대,서울특별시 마포구 양화로 188 애경타워 AK Plaza 홍대 4F 뮤씨엄,"카드캡터체리, 사쿠라, 벚꽃, 만화, 애니메이션, 캐릭터, 전시, 굿즈, 이벤트, 얼리버드, 홍대"
캐릭터/IP,두근두근 도라에몽전 in 부산,24.05.01 - 24.11.03,24.05.01,24.11.03,부산,"부산광역시 영도구 해양로195번길 180 부산 피아크 2F, 3F","도라에몽, 대원미디어, 애니메이션, 만화, 캐릭터, 전시, 부산, 사전예약, 어린이, 가족, 데이트, 한정판, 굿즈"
기관/금융,청년고용정책 팝업,24.05.02 - 24.05.05,24.05.02,24.05.05,성수,서울특별시 성동구 연무장길 35 스테이지35,"고용노동부, 청년, 채용, 고용, 취업, 취준, 방탈출, 포토존, 이벤트"
기관/금융,해치의 마법마을 팝업스토어,24.05.02 - 24.05.06,24.05.02,24.05.06,명동,서울특별시 중구 을지로 12 시청광장지하쇼핑센터 서울광장,"해치, 캐릭터, 서울시, 걱정, 행복, 스토리텔링, 포토존, 인형, 놀이터, 갤러리, 전시, 체험"
기타,"It's Your Day: 이번 광고, 생일 카페 주인공은 바로 너!",24.05.02 - 24.06.30,24.05.02,24.06.30,홍대,서울특별시 마포구 양화로 144 MERCURE 앰배서더 HOTEL 홍대 1층 T팩토리,"T팩토리, 전시, 생일광고, 광고, 생일축하, 생일, 기념일, 체험"
뷰티,오드타입X젤라비 무신사 에디션 팝업스토어,24.05.02 - 24.05.05,24.05.02,24.05.05,성수,서울특별시 성동구 성수이로18길 43 무신사 스퀘어 성수3 1층,"무신사, 오드타입, 젤라비, 패션, 뷰티, 쇼핑, 에디션, 콜라보"
F&B,타이거 라들러 비닐하우스,24.05.02 - 24.05.15,24.05.02,24.05.15,성수,서울특별시 성동구 서울숲2길 27 케이퍼필름,"하이네켄, 타이거맥주, 맥주, 술, 주류, 성인, 시음, 포토존, 라들러, 이벤트, 사전예약"
패션/잡화,떼뚜 팝업스토어,24.05.02 - 24.05.15,24.05.02,24.05.15,강남,서울특별시 서초구 신반포로 176 센트럴시티 신세계백화점 강남점 5층,"떼뚜, 패션, 쇼핑, 옷, 할인, 이벤트"
캐릭터/IP,러브베니 팝업스토어 <베니의 블루밍 캐롯 가든>,24.05.02 - 24.05.06,24.05.02,24.05.06,신촌,서울특별시 서대문구 연희로8길 18 2층 MOG,"베니, 캐릭터, 토끼, 동물, 굿즈, 그림, 일러스트, AR, 게임, 이벤트"
캐릭터/IP,픽사 in 전주 with <인사이드 아웃2>,24.05.02 - 24.05.06,24.05.02,24.05.06,기타,전북특별자치도 전주시 완산구 서노송동 611-3 전주스퀘어 맞은편,"인사이드아웃, 캐릭터, 영화, 애니메이션, 기쁨이, 슬픔이, 오케스트라, 공연, 체험, 전주국제영화제, "
문화/예술,"요물, 우리를 홀린 고양이",24.05.03 - 24.08.18,24.05.03,24.08.18,종로,서울특별시 종로구 삼청로 37 국립민속박물관 기획전시실 1,"국립민속박물관, 민속, 전시, 고양이, 예술, 문헌, 문학, 미술, 공존, 문화, 박물관, 반려동물"
F&B,리델샵 팝업스토어,24.05.03 - 24.05.09,24.05.03,24.05.09,분당,경기도 성남시 분당구 판교역로146번길 20 현대백화점 판교점,"리델샵, 와인글라스, 리델바, 핸드메이드, 머신메이드, 샴페인, 이벤트, 할인, "
F&B,오뚜기 X 오브젝트 서교점 팝업스토어,24.05.03 - 24.06.03,24.05.03,24.06.03,홍대,서울특별시 마포구 와우산로35길 13 오브젝트 서교점 4F,"오뚜기, 옵젵상가, 오브젝트, 콜라보, 와펜, 꾸미기, 굿즈, 소품, 인형, 체험, "
패션/잡화,필로컬리 24SS 팝업스토어,24.05.03 - 24.05.06,24.05.03,24.05.06,성수,서울특별시 성동구 연무장5가길 14 1층,"필로컬리, 여름, 패션, 옷, 쇼핑, 신상품, 할인, 이벤트"
패션/잡화,SUMMER BREEZE POP-UP,24.05.03 - 24.05.07,24.05.03,24.05.07,강남,서울특별시 강남구 압구정로80길 31 BE*twixt 빌딩 2층,"시에, 여름, 쇼핑, 스튜디오, 옷, 패션, 신제품, 압구정, 피팅, 시착"
패션/잡화,르봉백 팝업스토어,24.05.03 - 24.05.09,24.05.03,24.05.09,분당,경기도 성남시 분당구 판교역로146번길 20 현대백화점 판교점 3층,"아떼바네사브루노, 르봉백, 아떼르봉백, 판교, 가방, 아떼웨어백, 증정, 이벤트, 패션, 쇼핑"
패션/잡화,무신사 테라스 팝업스토어 <WELCOME TO TERRACE HOME>,24.05.03 - 24.05.12,24.05.03,24.05.12,성수,서울특별시 성동구 아차산로 104 스탈릿성수 3층 무신사 테라스,"무신사, 무신사테라스, 성수, 패션, 쇼핑, 옷, 이벤트, 헌터퐝, 사인회, 백일장, 어린이날, 증정"
패션/잡화,MMIC 팝업스토어,24.05.03 - 24.05.15,24.05.03,24.05.15,성수,서울특별시 성동구 연무장17길 4 성수 LES601,"MMIC, 패션, 쇼핑, 옷, 이벤트, 체험, 키링, 목걸이"
캐릭터/IP,댕댕별 오키키X애프터눈치 전시&팝업,24.05.03 - 24.05.12,24.05.03,24.05.12,마포,서울특별시 마포구 포은로 99 xxpress,"오키키, 애프터눈치, 콜라보, 댕댕별, 강아지, 캐릭터, 그림, 일러스트, 전시, 굿즈, 이벤트, 다꾸"
캐릭터/IP,헬로키티 50주년 기념 팝업스토어,24.05.03 - 24.05.12,24.05.03,24.05.12,대전,대전광역시 유성구 엑스포로 1 신세계백화점 대전점 6F 아트테라스,"산리오, 헬로키티, 캐릭터, 폼폼푸린, 포차코, 마이멜로디, 쿠로미, 굿즈, 다꾸, 쇼핑, 봄"
캐릭터/IP,수키도키 팝업 <불지옥바캉스 in 대구더현대>,24.05.03 - 24.05.16,24.05.03,24.05.16,대구,대구광역시 중구 달구벌대로 2077 현대백화점 지하2층,"수키도키, 캐릭터, 굿즈, 다꾸, 대구, 포토부스, 바캉스"
캐릭터/IP,세모 팝업스토어 <Semo's Post Office>,24.05.03 - 24.05.27,24.05.03,24.05.27,종로,서울특별시 종로구 필운대로 6-1 아이에스빌딩 2층 원모어백,"세모, 세컨드모닝, 캐릭터, 굿즈, 인형, 소품, 다꾸, 문구, 원모어백, 우체국"
캐릭터/IP,해이원X텐바이텐 팝업스토어,24.05.03 - 24.05.31,24.05.03,24.05.31,대학로,서울특별시 종로구 대학로12길 31 자유문학사 1층 텐바이텐 대학로점,"해이원, 텐바이텐, 피규어, 아트토이, 이벤트, 장난감, 어린이, 선물"
도서/문구,마니랜드X바인드 팝업스토어,24.05.04 - 24.05.06,24.05.04,24.05.06,기타(서울),서울특별시 성동구 왕십리광장로 17 왕십리민자역사 왕십리 엔터식스 1층,"바인드, 마니랜드, 콜라보, 모루인형, 만들기, 취미, 어린이날, 어린이, 가족, 장난감, 이벤트"
리빙/라이프스타일,GENIE TV 팝업,24.05.04 - 24.05.06,24.05.04,24.05.06,종로,서울특별시 종로구 세종대로 175 광화문광장,"지니티비, GENIETV, 티비, 스카이라이프, KT, 어린이날, 가족, 나들이, 2024광화문가족동행축제, 포토존, 동요, 경품, 어린이"
뷰티,토니모리 빵지순례 팝업스토어 <GET IT BAKE SHOP>,24.05.04 - 24.05.12,24.05.04,24.05.12,성수,서울특별시 성동구 연무장길 47 조은빌딩 마를리,"토니모리, 화장품, 뷰티, 뉴버터, 신상품, 사전예약, 베이커리, 빵켓팅, 빵, 디저트"
캐릭터/IP,오로라월드 <PalmPals Garden POP-UP>,24.05.04 - 24.06.26,24.05.04,24.06.26,기타,경기도 여주시 명품로 360 여주프리미엄아울렛 EAST 중앙광장,"오로라월드, 팜팔스가든, 완구, 캐릭터, 인형, 굿즈, 이벤트, 여주프리미엄아울렛, 토이플러스, 장난감, 아이"
뷰티,팩토리얼 성수 듀라이크 팝업스토어,24.05.05 - 24.05.19,24.05.05,24.05.19,성수,서울특별시 성동구 연무장7길 13 팩토리얼성수,"듀라이크, 에스쁘아, 화장품, 뷰티, 증정, 톤업, 쿠션, 신상품, 테스트, 메이크업"
전자제품/자동차,HEY LITTLE 팝업스토어,24.05.05 - 24.05.07,24.05.05,24.05.07,한남,서울특별시 용산구 소월로 322 하얏트호텔 GL층 야외 수영장,"헤이딜러, 그랜드하얏트, 호텔, 서울, 자동차, 장난감, 어린이, 어린이날, 가족, 나들이, 전시"
F&B,삼립 팝업스토어 <크림 아뜰리에>,24.05.06 - 24.05.15,24.05.06,24.05.15,성수,서울특별시 성동구 연무장길 1 1층,"삼립, 빵, 빵순이, 베이커리, 크림빵, 크림, 선물, 포토존, 시식, 이벤트, "
캐릭터/IP,위글위글 팝업스토어 <위글랜드>,24.05.06 - 24.05.12,24.05.06,24.05.12,여의도,서울특별시 영등포구 여의대로 108 파크원 더현대 서울 지하1층 대행사장,"위글위글, 체험존, 체험, 선물, 이벤트, 위글랜드, 쇼핑, 캐릭터, "
F&B,마블스크림 구슬연구소,24.05.07 - 24.05.20,24.05.07,24.05.20,성수,서울특별시 성동구 연무장길 37 1층,"마블스크림, 아이스크림, 구슬아이스크림, 디저트, 간식, 이벤트"
뷰티,바닐라코 X 헬로키티 팝업스토어,24.05.08 - 24.05.19,24.05.08,24.05.19,성수,서울특별시 성동구 연무장길 81 남경빌딩 1층 스퀘어 성수,"바닐라코, 헬로키티, 콜라보, 화장품, 뷰티, 이벤트, 증정품, 체험, 캐릭터, "
패션/잡화,쁘띠바또 PARIS 팝업스토어,24.05.08 - 24.05.22,24.05.08,24.05.22,잠실,서울특별시 송파구 올림픽로 240 롯데월드 롯데백화점 잠실점 8층,"쁘띠바또, 아동복, 어린이, 키즈, 패션, 쇼핑, 옷, 파리, 럭키드로우, 사은품, 이벤트"
향수/향,취 오드퍼퓸 팝업스토어,24.05.08 - 24.05.19,24.05.08,24.05.19,잠실,서울특별시 송파구 올림픽로 300 롯데월드타워앤드롯데월드몰 1층,"취, 퍼퓸, 향수, 향기, 가마꾸미기, 이벤트, 선물, 증정, 한국, 전통, 건축, 가마"
캐릭터/IP,쿠키런: 킹덤 X 캐스퍼 오프라인 콜라보 팝업,24.05.08 - 24.05.22,24.05.08,24.05.22,잠실,서울특별시 송파구 오금로 165 캐스퍼 스튜디오 송파,"쿠키런킹덤, 쿠키런, 데브시스터즈, 현대차, 캐스퍼, 콜라보, 굿즈, 캐릭터, 이벤트, 게임, 자동차"
뷰티,퓨리토 팝업스토어 in 목동,24.05.09 - 24.05.15,24.05.09,24.05.15,강서,서울특별시 양천구 목동동로 257 현대하이페리온 현대백화점 목동점,"퓨리토, 화장품, 스킨케어, 피부관리, 뷰티, 신제품"
F&B,클룹 제로소다 팝업스토어 <리조트 제로소다>,24.05.09 - 24.05.19,24.05.09,24.05.19,성수,서울특별시 성동구 연무장5길 19 노아 베이커리,"클룹, 제로소다, 음료, 청량, 음료, 시음, 리조트룸, 사전예약, "
엔터테인먼트,몬뭉치엑스 팝업스토어,24.05.09 - 24.05.15,24.05.09,24.05.15,여의도,서울특별시 영등포구 여의대로 108 파크원 더현대 서울 지하2층 아이코닉 팝업존,"몬스타엑스, 아이돌, 가수, 남자아이돌, 굿즈, 앨범, 몬뭉치, 몬베베, 9주년"
기관/금융,2024 우수공예품 팝업스토어,24.05.10 - 24.05.12,24.05.10,24.05.12,기타,광주광역시 광산구 임방울대로826번길 47 더 시너지 첨단1층 중정,"광주디자인진흥원, 수공예품, 공예, 쇼핑, 선물, 공방, 가족"
기관/금융,COLOR OF GUAM 성수 팝업,24.05.10 - 24.05.19,24.05.10,24.05.19,성수,서울특별시 성동구 서울숲2길 42 갤러리 더 봄,"괌, 괌정부관광청, 관광, 해외, 여행, 테마, 문화, 선물, 이벤트, 힐링"
기관/금융,한국해비타트 <집합> 팝업스토어,24.05.10 - 24.05.19,24.05.10,24.05.19,성수,서울특별시 성동구 서울숲길 53 세퍼레이츠,"한국해비타트, 집, 주거, 공동체, 희망, 체험, 봉사, 후원"
뷰티,COLORED KEYTH X 더현대 판교 팝업스토어,24.05.10 - 24.05.19,24.05.10,24.05.19,분당,경기도 성남시 분당구 판교역로146번길 20 현대백화점 판교점 1F 열린광장,"KEYTH, 화장품, 뷰티, 피부, 메이크업, 베이스, 아름다움, "
F&B,드링크스토어 팝업스토어,24.05.10 - 24.05.16,24.05.10,24.05.16,여의도,서울특별시 영등포구 여의대로 108 파크원 더현대 서울 지하1층 식품행사장,"드링크스토어, 푸룻티, 대만, 음료, 리유저블컵, 이벤트, 신메뉴, 밀크티, 버블티"
F&B,상쾌환 팝업스토어 THE BLUE EXPRESS,24.05.10 - 24.05.20,24.05.10,24.05.20,명동,서울특별시 중구 을지로 127 뉴스뮤지엄 을지로,"상쾌환, 숙취, 음주, 을지로, 핫플, 이벤트, 증정, 게임, 포토존, "
엔터테인먼트,갓청자 침투부 스튜디오 초대석,24.05.10 - 24.05.23,24.05.10,24.05.23,강남,서울특별시 서초구 신반포로 176 센트럴시티 신세계백화점 강남점 지하1층 침투부 초대석 행사장,"침착맨, 이말년, 웹툰, 유튜브, 유튜버, 강남, 스튜디오, 굿즈, 사전예약, 갓청자, 침덩이, 원펀데이"
엔터테인먼트,삼식이삼촌 스페-샬 팝업 : 사일제과,24.05.10 - 24.06.09,24.05.10,24.06.09,성수,서울특별시 성동구 연무장길 49 타니노 성수,"삼식이삼촌, 드라마, 송강호, 디즈니플러스, OTT, 사일제과, 빵집, 레트로, 이성당, 단팥빵"
패션/잡화,키디키디 팝업스토어,24.05.10 - 24.05.16,24.05.10,24.05.16,잠실,서울특별시 송파구 올림픽로 300 롯데월드타워앤드롯데월드몰 4층,"키디키디, 패션, 쇼핑, 옷, 아동복, 육아, 유아, 어린이, 사전예약, 키즈, 이벤트, 럭키박스, 증정"
패션/잡화,OSTKAKA 팝업스토어,24.05.10 - 24.05.19,24.05.10,24.05.19,성수,서울특별시 성동구 서울숲6길 16-1 1층,"오스트카카, 봉땅, 패션, 쇼핑, 옷, 서울숲, 취향"
패션/잡화,타비오 한남 팝업스토어,24.05.10 - 24.05.23,24.05.10,24.05.23,강남,서울특별시 서초구 신반포로 176 센트럴시티 신세계백화점 강남점 4층 신관 브릿지,"타비오, 패션, 쇼핑, 양말, 잡화, 옷, 이벤트"
패션/잡화,세터 팝업스토어 <The T-shirts Shop>,24.05.10 - 24.06.03,24.05.10,24.06.03,성수,서울특별시 성동구 연무장길 33 삼일금속영업부,"세터, 티셔츠, 쇼핑, 패션, 옷, 유니크, 그래픽아트, 이벤트"
패션/잡화,샵사이다 롯데월드몰 팝업스토어,24.05.10 - 24.08.08,24.05.10,24.08.08,잠실,서울특별시 송파구 올림픽로 300 롯데월드타워앤드롯데월드몰 지하1층,"샵사이다, 패션, 쇼핑, 롯데월드몰, 잠실, 이벤트, 럭키드로우"
캐릭터/IP,유미의 세포들 팝업스토어 <PICNIC With YUMI'S CELLS>,24.05.10 - 24.05.23,24.05.10,24.05.23,용산,서울특별시 용산구 한강대로23길 55 용산역 아이파크몰 더센터 6층 더코너,"유미의세포들, 웹툰, 만화, 이동건, 네이버웹툰, 캐릭터, 굿즈, 이벤트"
문화/예술,만화로 만나는 힙합,24.05.11 - 24.09.27,24.05.11,24.09.27,부천,경기도 부천시 원미구 길주로 1 한국만화박물관 1~2 기획전시실,"한국만화박물관, 국립민속박물관, 전시, 만화, 음악, 영상, 미술, 문화, 힙합, 역사"
뷰티,블레스문 팝업스토어,24.05.11 - 24.08.31,24.05.11,24.08.31,잠실,서울특별시 송파구 올림픽로 300 롯데월드타워앤드롯데월드몰 1층,"블레스문, 뷰티, 화장품, 이벤트, 포토존, 공간"
향수/향,로에베 퍼퓸 팝업스토어,24.05.11 - 24.06.16,24.05.11,24.06.16,성수,서울특별시 성동구 연무장길 20-1,"로에베, 퍼퓸, 향수, 향기, 증정, 이벤트, 전시, 공간, 체험"
캐릭터/IP,로스트아크 팝업스토어 모코코 버거피크닉,24.05.11 - 24.06.02,24.05.11,24.06.02,성수,서울특별시 성동구 아차산로7나길 14,"로스트아크, 게임, 캐릭터, 모코코, 햄버거, 프랭크버거, 럭키드로우, 포토존"
캐릭터/IP,키크니의 반려단길,24.05.13 - 24.06.09,24.05.13,24.06.09,기타,경기도 의왕시 바라산로 1 롯데프리미엄아울렛의왕점,"키크니, 일러스트, 드로잉, 전시, 반려동물, 사연, 만화, 굿즈"
엔터테인먼트,치지직 번쩍 팝업,24.05.14 - 24.05.26,24.05.14,24.05.26,여의도,서울특별시 영등포구 여의대로 108 파크원 더현대 서울 지하1층 대행사장,"치지직, 네이버, 숏폼, 유튜버, 스트리머, 스트리밍, 게임, 굿즈, 쇼핑, 이벤트, 방송"
F&B,엠앤엠즈 팝업스토어 <M&M'S SCREENTIME CITY>,24.05.15 - 24.05.19,24.05.15,24.05.19,성수,서울특별시 성동구 연무장길 90 SPACE 257,"엠앤엠즈, 초콜릿, 디저트, 간식, 이벤트, 포토존, 스페셜프로그램, 뷰티풀너드, 피식대학, 빵송국, 유스데스크, 사전예약"
F&B,데미소다 팝업스토어,24.05.15 - 24.05.28,24.05.15,24.05.28,성수,서울특별시 성동구 연무장7길 12 세대빌딩 1층,"데미소다, 음료수, 음료, 키링, 헤나, 체험, 포토존, 콜라보, 이벤트, 포토부스"
패션/잡화,라코스테 1933 팝업,24.05.15 - 24.05.19,24.05.15,24.05.19,성수,서울특별시 성동구 연무장길 106 Platz2,"라코스테, 패션, 쇼핑, 옷, 사전예약, 폴로셔츠, 빈티지, 프렌치, 굿즈"
F&B,카누 휴식역 팝업스토어,24.05.16 - 24.06.16,24.05.16,24.06.16,건대,"서울특별시 광진구 능동로 10 7호선 뚝섬유원지역 2, 3번 출구 방향","카누, 커피, 카페, 지하철역, 휴식, 힐링, 이벤트, 캡슐커피, 포토부스, 키링"
패션/잡화,호카 FlyLab™ 팝업스토어,24.05.16 - 24.05.19,24.05.16,24.05.19,성수,서울특별시 성동구 연무장길 101-1 오우드 성수 1호점,"호카, 히스토리, 신제품, 이벤트, 운동화, 패션, 쇼핑, 플라이랩"
캐릭터/IP,하이큐!! 쓰레기장의 결전 팝업스토어,24.05.16 - 24.05.29,24.05.16,24.05.29,여의도,서울특별시 영등포구 여의대로 108 파크원 더현대 서울 지하2층 아이코닉존,"하이큐, 애니메이션, 만화, 극장판, 영화, 캐릭터, 굿즈, 이벤트"
기타,인생네컷 팝업스토어,24.05.17 - 24.06.09,24.05.17,24.06.09,명동,서울특별시 중구 소공로 63 신세계백화점건물 본점 B1F 그라운드 마켓,"인생네컷, 사진, 포토부스, 체험, 인생향연, 시향, 향수, 이벤트, 열린책들, 세계문학전집"
문화/예술,THEATER IS THE NEW BLACK,24.05.17 - 24.05.19,24.05.17,24.05.19,성수,서울특별시 성동구 연무장17길 3 1층 성수Y173,"세종문화회관, 아티스트, 예술, 극장, 트렌드, 체험, 공연"
문화/예술,로컬 크리에이티브 2024,24.05.17 - 24.06.02,24.05.17,24.06.02,명동,서울특별시 중구 통일로 1 서울역(본옥) 문화역서울284,"문화역서울, 서울역, 전시, 로컬, 로컬브랜드, 지역, 창의성, 크리에이터, 로컬문화, 문화"
문화/예술,"종이, 봄날을 만나다",24.05.17 - 24.09.22,24.05.17,24.09.22,기타,경기도 파주시 탄현면 헤이리로 30 국립민속박물관 파주 16수장고,"국립민속박물관, 박물관, 전시, 종이, 작품, 공예, 민속문화"
뷰티,팔레트 유니버스 팝업스토어,24.05.17 - 24.06.06,24.05.17,24.06.06,성수,서울특별시 성동구 연무장7길 13 팩토리얼성수 1층,"웨이크메이크, 팔레트, 신제품, 아이팔레트, 립팔레트, 브로우팔레트, 할인, 미션, 체험, 게임, 기프트, 이벤트, 화장품, 뷰티"
F&B,GS25 편스토랑 한끼포차 팝업스토어,24.05.17 - 24.06.04,24.05.17,24.06.04,성수,서울특별시 성동구 연무장길 38-1 엘리자베스빌딩 1층 도어투성수,"편스토랑, 한끼포차, GS25, 도어투성수, 콜라보, 경품, 이벤트, 서빙, 메뉴, 동전노래방, 노래, 시음, 뉴믹스커피"
F&B,새로구미 팝업스토어 <새로운 살구 정원>,24.05.17 - 24.06.09,24.05.17,24.06.09,부산,부산광역시 부산진구 중앙대로680번가길 38 옵포드,"새로구미, 새로살구, 주류, 술, 전시, 체험, 포토존, 한복, 메시지, 굿즈"
엔터테인먼트,우기 HAPPY FREAK DAY 팝업 in 서울,24.05.17 - 24.05.30,24.05.17,24.05.30,홍대,서울특별시 마포구 양화로 186 LC TOWER 1층,"여자아이들, 우기, 아이돌, 여자아이돌, 가수, 라인프렌즈, 굿즈, 쇼핑, 포토카드"
엔터테인먼트,우기 HAPPY FREAK DAY 팝업 in 부산,24.05.17 - 24.05.30,24.05.17,24.05.30,부산,부산광역시 해운대구 센텀남대로 35 신세계백화점센텀시티점,"여자아이들, 우기, 아이돌, 여자아이돌, 가수, 라인프렌즈, 굿즈, 쇼핑, 포토카드"
패션/잡화,세컨드 아르무아 미드세일 팝업스토어,24.05.17 - 24.05.24,24.05.17,24.05.24,강남,서울특별시 강남구 테헤란로 517 현대백화점 무역점 5층,"세컨드아르무아, 패션, 쇼핑, 옷, 세일, 할인, 신상품, 선물, 이벤트"
패션/잡화,스탠드오일 성수 TEMPORARY STORE,24.05.17 - 24.06.02,24.05.17,24.06.02,성수,서울특별시 성동구 연무장길 99,"스탠드오일, 성수, 패션, 쇼핑, 가방, 잡화, 주얼리, 액세서리"
캐릭터/IP,무직타이거 POP-UP STORE,24.05.17 - 24.06.02,24.05.17,24.06.02,명동,서울특별시 중구 남대문로 67 롯데영플라자 명동점 1층 정문,"무직타이거, 인형, 굿즈, 뚱랑이, 명동"
캐릭터/IP,담곰이 팝업스토어 <봄날의 담곰이>,24.05.17 - 24.06.27,24.05.17,24.06.27,홍대,서울특별시 마포구 양화로 162 카카오프렌즈 홍대플래그십 스토어,"농담곰, 담곰이, 굿즈, 캐릭터, 쇼핑, 홍대, 이벤트, 증정"
F&B,게토레이 제로 팝업스토어,24.05.18 - 24.05.24,24.05.18,24.05.24,성수,서울특별시 성동구 서울숲4길 15-1 인포멀 스퀘어,"게토레이, 게토레이제로, 음료, 음료수, 이온음료, 포토존"
엔터테인먼트,정브르 팝업스토어,24.05.18 - 24.05.26,24.05.18,24.05.26,용산,서울특별시 용산구 한강로3가,"정브르, 생물, 유튜버, 팬싸인회, 포토존, 할인, 이벤트, 전시"
패션/잡화,헤지스X사무엘스몰즈 <수퍼헤지스>,24.05.18 - 24.05.26,24.05.18,24.05.26,성수,서울특별시 성동구 연무장5가길 25 성수역 SK V1 Tower B107호,"헤지스, 사무엘스몰즈, 콜라보, 쇼룸, 패션, 옷, 쇼핑"
패션/잡화,에르메스 팝업 전시 <Hermès in the Making>,24.05.18 - 24.05.27,24.05.18,24.05.27,잠실,서울특별시 송파구 올림픽로 300 롯데월드타워앤드롯데월드몰 월드파크 잔디광장,"에르메스, 패션, 옷, 전시, 시연, 경험, 제작과정"
문화/예술,MMCA 기증작품전: 1960-70년대 구상회화,24.05.21 - 24.09.22,24.05.21,24.09.22,기타,경기도 과천시 광명로 313 국립현대미술관 과천,"국립현대미술관, 기증, 예술, 작품, 미술, MMCA"
F&B,몽블랑드파리 팝업스토어,24.05.21 - 24.05.30,24.05.21,24.05.30,강남,서울특별시 강남구 압구정로 343 갤러리아백화점 명품관 WEST B1,"몽블랑드파리, 베이커리, 디저트, 간식, 프리미엄, 소프트아이스크림, 아이스크림"
F&B,골든볼 팝업스토어,24.05.21 - 24.12.31,24.05.21,24.12.31,여의도,서울특별시 영등포구 여의대로 108 파크원 더현대 서울 지하1층 22FOODTRUCK PLAZZA,"골든볼, 간식, 디저트, 도넛, 커피, 아이스크림, 피크닉, 용리단길, 두부"
패션/잡화,셔터 X 언노운블루 팝업스토어 <New Friends!>,24.05.21 - 24.06.02,24.05.21,24.06.02,용산,서울특별시 용산구 한강대로7길 18-13 나영전자 1층 리리스토어 서울,"셔터, 언노운블루, 콜라보, 패션, 쇼핑, 옷, 할인, 증정"
향수/향,라뜰리에 데 퍼퓸 팝업,24.05.21 - 24.05.28,24.05.21,24.05.28,성수,서울특별시 성동구 연무장길 81 남경빌딩 1층 무신사 스퀘어 성수2,"라뜰리에데퍼퓸, 향수, 향기, 퍼퓸, 이벤트, 경품"
기관/금융,대전청년내일센터 팝업 홍보관 <오늘부터 행복해>,24.05.22 - 24.05.25,24.05.22,24.05.25,대전,대전광역시 유성구 대학로 129 1층 글로리데이즈 별관,"대전, 대전청년내일센터, 지역, 청년, 마스코트, 캐릭터, 굿즈, 이벤트, 정책, 포토존"
리빙/라이프스타일,에델코첸 MOS X 성수동 팝업스토어,24.05.22 - 24.06.02,24.05.22,24.06.02,성수,서울특별시 성동구 연무장길 37 1층,"에델코첸, 식기, 키친, 주방용품, 할인"
리빙/라이프스타일,스탠리 팝업스토어 in 롯데월드몰,24.05.22 - 24.06.04,24.05.22,24.06.04,잠실,서울특별시 송파구 올림픽로 300 롯데월드타워앤드롯데월드몰 1층,"스탠리, 텀블러, 이벤트, 잠실, 롯데월드몰"
문화/예술,라운드그라운드 in 안국 퍼스트 러브展,24.05.22 - 24.05.26,24.05.22,24.05.26,종로,서울특별시 종로구 계동길 23,"라운드그라운드, 전시, 이야기, 안국동, 한옥, 가족, 키즈, 어린이"
전자제품/자동차,벨킨 팝업스토어 <Discover Tech with Belkin>,24.05.22 - 24.06.02,24.05.22,24.06.02,성수,서울특별시 성동구 아차산로 104 스탈릿성수 3층 무신사 테라스 성수,"벨킨, 무신사, 굿즈, 신제품, 럭키드로우, 이벤트, 포토존, 스티커사진, 체험, 전시"
패션/잡화,더바이닐하우스 팝업스토어,24.05.22 - 24.05.26,24.05.22,24.05.26,홍대,서울특별시 마포구 양화로10길 53 1층,"더바이닐하우스, 패션, 쇼핑, 옷, 이벤트, 할인"
패션/잡화,크록스 팝업스토어 <Play 2gether Crocs World>,24.05.22 - 24.06.02,24.05.22,24.06.02,잠실,서울특별시 송파구 올림픽로 300 롯데월드타워앤드롯데월드몰 1층 아트리움,"크록스, 신발, 개성, 이벤트, 지비츠, 포토존"
도서/문구,브루케시아 팝업스토어 <브루케시아 북스토어>,24.05.23 - 24.06.01,24.05.23,24.06.01,신촌,"서울특별시 서대문구 연희로11가길 2 2, 3층","브루케시아, 책방, 책, 독서, 이벤트, 퍼스널컬러, 촬영, 사전예약"
리빙/라이프스타일,버미큘라 팝업스토어,24.05.23 - 24.06.02,24.05.23,24.06.02,분당,경기도 성남시 분당구 판교역로146번길 20 현대백화점 판교점 8층,"버미큘라, 신제품, 오븐팟, 주방, 식기, 이벤트, 쿠킹클래스, 류니키친, 꽁블"
뷰티,퓨리토 팝업스토어 in 더현대 서울,24.05.23 - 24.05.29,24.05.23,24.05.29,여의도,서울특별시 영등포구 여의대로 108 파크원 더현대 서울,"퓨리토, 화장품, 스킨케어, 피부관리, 뷰티, 신제품"
뷰티,아닐로 X 33아파트먼트 팝업스토어,24.05.23 - 24.06.02,24.05.23,24.06.02,한남,서울특별시 용산구 한남대로27길 33 1층,"아닐로, 33아파트먼트, 콜라보, 헤어에센스, 헤어제품, 바디제품, 바디미스트, 바디로션, 할인, 증정품"
엔터테인먼트,선재업고튀어 팝업스토어,24.05.23 - 24.05.29,24.05.23,24.05.29,여의도,서울특별시 영등포구 여의대로 108 파크원 더현대 서울 B2F 아이코닉 팝업존,"선재업고튀어, 선업튀, 드라마, tvN, 김혜윤, 변우석, 류선재, 임솔, 굿즈, 이벤트, 티비엔"
패션/잡화,홀페이퍼 팝업스토어,24.05.23 - 24.05.29,24.05.23,24.05.29,여의도,서울특별시 영등포구 여의대로 108 파크원 더현대 서울 B2F,"홀페이퍼, 공항, 스타일, 패션, 쇼핑, 옷, 할인, 이벤트, 사은품"
패션/잡화,르에 팝업스토어,24.05.23 - 24.05.29,24.05.23,24.05.29,여의도,서울특별시 영등포구 여의대로 108 파크원 더현대 서울 B2F,"르에, 리조트, 캠페인, 추억, 패션, 쇼핑, 옷, 이벤트"
패션/잡화,메트로시티 롯데잠실점 팝업스토어,24.05.23 - 24.05.30,24.05.23,24.05.30,잠실,서울특별시 송파구 올림픽로 240 롯데월드 롯데백화점 잠실점 1층,"메트로시티, 서현, 소녀시대, 뮤즈, 신상, 여름, 이벤트, 팬사인회"
향수/향,포맨트 <COTTON HUGMON HOUSE>,24.05.23 - 24.06.05,24.05.23,24.06.05,여의도,서울특별시 영등포구 여의대로 108 파크원 더현대 서울 B2,"포맨트, 허그몬하우스, 더현대서울, 여의도, 코튼허그몬, 키링, 이벤트, 향수"
캐릭터/IP,소니엔젤 20주년 팝업스토어 in 더현대서울,24.05.23 - 24.06.10,24.05.23,24.06.10,여의도,서울특별시 영등포구 여의대로 108 파크원 더현대 서울 5층 플레이인더박스,"소니엔젤, 캐릭터, 굿즈, 피규어, 쇼핑, 포토프레임, 20주년, 이벤트"
캐릭터/IP,소니엔젤 20주년 팝업스토어 in 스타필드 수원,24.05.23 - 24.06.10,24.05.23,24.06.10,수원,경기도 수원시 장안구 수성로 175 스타필드 수원 4층 플레이인더박스,"소니엔젤, 캐릭터, 굿즈, 피규어, 쇼핑, 포토프레임, 20주년, 이벤트"
캐릭터/IP,소니엔젤 20주년 팝업스토어 in 코엑스,24.05.23 - 24.06.10,24.05.23,24.06.10,강남,서울특별시 강남구 영동대로 513 코엑스 메가박스 지하2층 플레이인더박스,"소니엔젤, 캐릭터, 굿즈, 피규어, 쇼핑, 포토프레임, 20주년, 이벤트"
도서/문구,키링집 팝업스토어,24.05.24 - 24.08.31,24.05.24,24.08.31,강남,서울특별시 강남구 강남대로 426 진우빌딩 일상비일상의틈 강남 2층,"키링집, Colley, tub., 콜리, 텁, 키링, DIY, 소품, 콜라보, 생화, 포토존, 증정, 이벤트"
리빙/라이프스타일,퍼울 리뉴 런웨이 팝업,24.05.24 - 24.06.06,24.05.24,24.06.06,성수,서울특별시 성동구 연무장11길 13 플랜트란스 성수플래그쉽,"퍼울, 옷, 런웨이, 체험, 섬유유연제, 세탁, 향기, 미션, 이벤트, 포토존, 할인"
문화/예술,비컴스튜디오 팝업스토어,24.05.24 - 24.06.02,24.05.24,24.06.02,여의도,서울특별시 영등포구 여의대로 108 파크원 더현대 서울 지하2층,"비컴스튜디오, 일러스트, 드로잉, 캐리커처, 반려동물"
반려동물/식물,느으슨 미니 팝업 마켓 <피크닉 블룸>,24.05.24 - 24.05.26,24.05.24,24.05.26,한남,서울특별시 용산구 신흥로20길 35 인프로그레스 서점,"느으슨, 식물, 식집사, 화분, 피크닉, 관엽식물"
뷰티,뉴트로지나 딥클린 사이언스 파크 팝업스토어,24.05.24 - 24.05.26,24.05.24,24.05.26,성수,서울특별시 성동구 연무장5길 20 성수 쎈느,"뉴트로지나, 화장품, 뷰티, 클린, 피부관리, 피부, 증정, 포토존, 이벤트"
뷰티,아일 넘버 100 프롬 디아일 팝업스토어,24.05.24 - 24.07.24,24.05.24,24.07.24,성수,서울특별시 성동구 성수이로7가길 11 (주)상현원색 디아일 성수 디아일 성수,"이니스프리, 아일넘버, 우디, 엽서, 스탬프, 체험, 성수, 이벤트, 화장품, 뷰티"
F&B,쇼콜라쏭즈 팝업스토어,24.05.24 - 24.05.30,24.05.24,24.05.30,여의도,서울특별시 영등포구 여의대로 108 파크원 더현대 서울,"쇼콜라쏭즈, 초콜릿, 간식, 디저트, 구움과자, 음료"
전자제품/자동차,KT 특별 팝업 전시 <Vibrant>,24.05.24 - 24.06.09,24.05.24,24.06.09,마포,서울특별시 마포구 포은로 99 1층,"KT, 와이파이, WiFi6D, 신제품, 디지털, 무선공유기, 아티스트, 콜라보, 이벤트, 전시"
패션/잡화,말렌 팝업스토어,24.05.24 - 24.05.26,24.05.24,24.05.26,종로,서울특별시 종로구 자하문로13길 4,"말렌, 패션, 쇼핑, 옷, 편안함, 고퀄리티, 기프트백, 이벤트, 할인, 신제품"
향수/향,탬버린즈 카디퓨저 팝업스토어,24.05.24 - 24.06.09,24.05.24,24.06.09,성수,서울특별시 성동구 아차산로1길 25,"탬버린즈, 자동차, 디퓨저, 아트월, 디자인, 이벤트, 증정, 사전예약"
향수/향,취 성수 팝업스토어,24.05.24 - 24.08.18,24.05.24,24.08.18,성수,서울특별시 성동구 연무장길 89 1층,"취, 퍼품, 향기, 향수, 이벤트, 증정, 할인"
캐릭터/IP,햄토리x모루카 피크닉파티 팝업스토어,24.05.24 - 24.05.30,24.05.24,24.05.30,수원,경기도 수원시 팔달구 덕영대로 924 AK플라자 6층,"모루카, 햄토리, 캐릭터, 굿즈, 콜라보, 쇼핑, 특전, 이벤트"
캐릭터/IP,MONAMHEE'S CLOSET 팝업스토어,24.05.24 - 24.06.03,24.05.24,24.06.03,강남,서울특별시 강남구 강남대로160길 42 라인프렌즈 스퀘어 신사 2F,"모남희, 캐릭터, 굿즈, 인형, 쇼핑, 라인프렌즈"
캐릭터/IP,세서미 스트리트 X 그라플렉스 팝업스토어,24.05.24 - 24.06.04,24.05.24,24.06.04,홍대,서울특별시 마포구 양화로 164 동덕타워 무신사 스토어 홍대,"세서미, 그라플렉스, 무신사, 콜라보, 판화, 키링, 티셔츠, 쇼핑"
캐릭터/IP,담곰이 카페,24.05.24 - 24.08.18,24.05.24,24.08.18,신촌,서울특별시 서대문구 연세로 13 현대백화점 유플렉스 지하1층,"농담곰, 캐릭터, 굿즈, 카페, 콜라보, 팝퍼블, 음료, 이벤트, 디저트, 간식"
기타,스페이스클라우드 팝업스토어 <스클데이>,24.05.25 - 24.05.25,24.05.25,24.05.25,성수,서울특별시 성동구 연무장5가길 14 1층,"스페이스클라우드, 공간대여, 공간, 공간찾기, 이벤트, 사전예약"
뷰티,닥터지 X 인사이드 아웃2 팝업스토어 <Dr.G CHERISH YOU>,24.05.25 - 24.06.07,24.05.25,24.06.07,성수,서울특별시 성동구 연무장길 35 STAGE35 성수,"닥터지, 인사이드아웃, 콜라보, 이벤트, 미션, 화장품, 뷰티, 키링, 엽서, 사전예약"
패션/잡화,톰보이 티셔츠 마켓,24.05.25 - 24.05.26,24.05.25,24.05.26,마포,서울특별시 마포구 포은로8길 28-6 푸쉬오프커피앤바,"스튜디오톰보이, 티셔츠, 신성수, 콜라보, 그래픽, 패션, 옷, 쇼핑"
캐릭터/IP,인사이드 아웃2 팝업스토어 in 더현대 서울,24.05.25 - 24.06.16,24.05.25,24.06.16,여의도,서울특별시 영등포구 여의대로 108 파크원 더현대 서울 5층 에픽 서울,"인사이드아웃, 디즈니, 애니메이션, 영화, 캐릭터, 기억, 추억, 어린이, 가족, 굿즈, 사전예약"
스포츠/건강,코랄리에 팝업스토어,24.05.27 - 24.06.06,24.05.27,24.06.06,강남,서울특별시 강남구 압구정로 407 갤러리아백화점 명품관 지하1층,"코랄리에, 치약, 구강케어, 충치, 불소, 할인, 증정품"
엔터테인먼트,에스파 팝업스토어 <에스파 위크 - 아마겟돈: 더 미스터리 서클>,24.05.28 - 24.06.09,24.05.28,24.06.09,성수,서울특별시 성동구 왕십리로 121,"에스파, 아마겟돈, SM, 아이돌, 여자아이돌, 가수, 앨범, 포토존, 틱톡, 포토부스"
캐릭터/IP,신카이 마코토 # 팝업스토어,24.05.28 - 24.06.09,24.05.28,24.06.09,여의도,서울특별시 영등포구 여의대로 108 파크원 더현대 서울,"신카이마코토, 스즈메의문단속, 너의이름은, 미디어캐슬, 굿즈캐슬, 감독, 영화, 애니메이션, 날씨의아이"
캐릭터/IP,Hall of Legends 팝업스토어 : 페이커 신전,24.05.29 - 24.06.16,24.05.29,24.06.16,종로,서울특별시 중구 청계천로 40 한국관광공사 서울센터 하이커그라운드,"리그오브레전드, 전설, 페이커, e스포츠, 게임, 전시, 포토존, 체험, 전설의전당, 스킨"
기관/금융,2024 마카오 팝업스토어 <Find My Favorite Macao>,24.05.30 - 24.06.02,24.05.30,24.06.02,강남,서울특별시 서초구 신반포로 176 센트럴시티 신세계백화점 오픈스테이지,"마카오정부관광청, 마카오, 관광, 해외, 여행, 체험, 문화, 이벤트"
기타,여의도 더현대 워터밤 팝업,24.05.30 - 24.06.05,24.05.30,24.06.05,여의도,서울특별시 영등포구 여의대로 108 파크원 더현대 서울 지하2층 아이코닉존,"워터밤, 여름, 입장티켓, 티켓, 쇼핑, 축제, 서울, 페스티벌, 공연"
F&B,시시호시 X 펀더멘탈브루잉 팝업스토어,24.05.30 - 24.06.09,24.05.30,24.06.09,수원,경기도 수원시 권선구 세화로 134 타임빌라스 수원 3층 다이닝 에비뉴,"시시호시, 펀더멘탈브루잉, 라이프스타일, 큐레이션, 맥주, 수제맥주, 주류, 술, 양조장, 효모, 행궁, 낙남헌, 이벤트"
F&B,롯데마트 요리하다 오스테리아 팝업,24.05.30 - 24.06.26,24.05.30,24.06.26,성수,서울특별시 성동구 아차산로 3 성수동 아파트형 공장 두앤캔 하우스 1층,"롯데마트, 요리하다, 이탈리아, PB, 이탈리안, 식품, 쇼핑, 할인, 사전예약, 메뉴, 요리"
패션/잡화,테바 팝업스토어 WHERE TO NEXT?,24.05.30 - 24.06.02,24.05.30,24.06.02,성수,서울특별시 성동구 서울숲길 53 1층,"테바, 아웃도어, 여행, 힐링, 휴식, 이벤트, 패션, 쇼핑"
패션/잡화,틸버 팝업스토어 <Titi's Letter>,24.05.30 - 24.06.05,24.05.30,24.06.05,여의도,서울특별시 영등포구 여의대로 108 파크원 더현대 서울 지하2층 EAST ZONE,"틸버, 패션, 쇼핑, 옷, 티티, 여름, 신제품, 할인, 증정, 이벤트, 클래식캐주얼, 캐주얼"
패션/잡화,김씨네과일 팝업스토어 in 코엑스,24.05.30 - 24.06.16,24.05.30,24.06.16,강남,서울특별시 강남구 봉은사로 524 코엑스인터콘티넨탈서울 코엑스몰 지하1층,"김씨네과일, 패션, 쇼핑, 옷, 꾸미기, 별마당도서관, 강남, 코엑스, 이벤트"
패션/잡화,아라바그 성수 팝업스토어,24.05.30 - 24.07.31,24.05.30,24.07.31,성수,서울특별시 성동구 성수이로7가길 23 1층,"아라바그, 리사이클, 환경, 환경보호, 패션, 쇼핑"
패션/잡화,PISCESS X NICE WEATHER 가로수길,24.05.30 - 24.07.31,24.05.30,24.07.31,강남,서울특별시 강남구 강남대로162길 35 1층 나이스웨더마켓,"파이시스, 나이스웨더, 패션, 의류, 콜라보, 여름, 굿즈, 바캉스"
기관/금융,굿네이버스 지구여행 사진전,24.05.31 - 24.06.07,24.05.31,24.06.07,성수,서울특별시 성동구 성수이로7가길 9 카페 할아버지 공장,"굿네이버스, 지구, 환경보호, 환경, 사진, 전시, 기후변화, 포토존, 기념품"
뷰티,디올 뷰티 디올리비에라 팝업,24.05.31 - 24.06.30,24.05.31,24.06.30,성수,서울특별시 성동구 연무장5길 9-13,"디올, 뷰티, 화장품, 프랑스, 리비에라, 사전예약"
뷰티,메디필 모공 세탁소 팝업스토어,24.05.31 - 24.06.30,24.05.31,24.06.30,강남,서울특별시 서초구 강남대로 429 올리브영 강남 타운,"메디필, 올리브영, 모공, 클렌징, 화장품, 뷰티, 피부관리, 피부, 이벤트, 제로베이스원, 굿즈"
스포츠/건강,삼성생명 팝업스토어 <비추미 건강원>,24.05.31 - 24.06.09,24.05.31,24.06.09,홍대,서울특별시 마포구 동교로30길 21,"삼성생명, 비추미건강원, 건강, 보험, 생명보험, 연남, 조선, 컨셉"
스포츠/건강,위아바임 팝업스토어,24.05.31 - 24.06.02,24.05.31,24.06.02,성수,서울특별시 성동구 연무장15길 11 태광산업 EQL 성수,"위아바임, 건강기능식품, 체험, 포토존, 쇼핑, 문가영, 팬밋업, 경동제약"
F&B,리노라다 팝업스토어,24.05.31 - 24.06.06,24.05.31,24.06.06,대학로,"서울특별시 동대문구 왕산로 214 청량리역,롯데백화점 식품관","리노라다, 초콜릿, 디저트, 간식, 스프레드, 초코스프레드, 할인, 이벤트"
엔터테인먼트,제로베이스원 팝업스토어 in 강남,24.05.31 - 24.06.09,24.05.31,24.06.09,강남,서울특별시 서초구 강남대로 437 대원빌딩 라인프렌즈 강남 플래그십스토어,"제로베이스원, 아이돌, 남자아이돌, 가수, 굿즈, 쇼핑, 사전예약"
여행,춘천 팝업스토어 <춘천행매표소>,24.05.31 - 24.06.02,24.05.31,24.06.02,성수,서울특별시 성동구 서울숲2길 27,"춘천, 지역, 관광, 여행, 기차, 추억, 이벤트, 힐링, 휴식"
패션/잡화,콰트로 팝업 부티크,24.05.31 - 24.06.09,24.05.31,24.06.09,성수,서울특별시 성동구 연무장길 26,"부쉐론, 부쉐론콰트로, 뷰티, 주얼리, 20주년, 사전예약"
패션/잡화,마크모크 X 보라끌레르 팝업스토어,24.05.31 - 24.06.01,24.05.31,24.06.01,성수,서울특별시 성동구 아차산로13길 11 cafe ASNISUM,"마크모크, 보라끌레르, 패션, 쇼핑, 유튜버, 콜라보, 레인부츠, 샌들, 여름, 이벤트"
패션/잡화,살리다 팝업스토어,24.05.31 - 24.06.06,24.05.31,24.06.06,명동,서울특별시 중구 소공로 63 신세계백화점건물 본점 신관 2층,"살리다, 업사이클링, 패션, 쇼핑, 가방, 환경, 환경보호"
패션/잡화,헌터 썸머 레인 부츠 페스타 팝업,24.05.31 - 24.07.28,24.05.31,24.07.28,기타,경기도 파주시 탄현면 필승로 200 파주프리미엄아울렛 센트럴스퀘어,"헌터, HUNTER, 부츠, 레인부츠, 글로벌, 포토존, 인증샷, 할인, 이벤트, 증정"
패션/잡화,PISCESS X NICE WEATHER 더현대서울,24.05.31 - 24.07.31,24.05.31,24.07.31,여의도,서울특별시 영등포구 여의대로 108 더현대 서울 B2,"파이시스, 나이스웨더, 패션, 의류, 콜라보, 여름, 굿즈, 바캉스"
캐릭터/IP,베티붑 팝업스토어,24.05.31 - 24.06.13,24.05.31,24.06.13,홍대,서울특별시 마포구 양화로 188 애경타워 홍대 AK플라자 2층,"베티붑, 캐릭터, 패션, 쇼핑, 옷, 굿즈, 이벤트, 증정"
캐릭터/IP,키키쿼카 팝업 <키키 아일랜드>,24.05.31 - 24.06.20,24.05.31,24.06.20,수원,경기도 수원시 장안구 수성로 175 스타필드 수원 4층,"키키쿼카, 캐릭터, 굿즈, 쇼핑, 다꾸, 이벤트, 포토존, 옷입히기, 체험"
캐릭터/IP,후긴앤무닌 팝업스토어 <GREEN OF EARLY SUMMER>,24.05.31 - 24.06.24,24.05.31,24.06.24,종로,서울특별시 종로구 필운대로 6-1 아이에스빌딩 2층 원모어백,"후긴앤무닌, 일러스트, 드로잉, 굿즈, 도자기, 디자인, 기록"
도서/문구,문보장(文寶藏),24.06.01 - 24.08.31,24.06.01,24.08.31,부산,부산광역시 기장군 기장읍 기장해안로 267-7 아난티 앳 부산 빌라쥬,"문보장, 편집샵, 문구, 소품, 굿즈, 이벤트"
리빙/라이프스타일,리튼 X 쉐누아파리 팝업스토어,24.06.01 - 24.07.14,24.06.01,24.07.14,여의도,서울특별시 영등포구 여의대로 108 파크원 더현대 서울 2층 르베이지 매장 옆,"리튼, 쉐누아파리, 리빙, 쇼핑, 이벤트, 패션, 가구, 소파"
리빙/라이프스타일,리튼 X 더 그란 팝업스토어,24.06.01 - 24.07.31,24.06.01,24.07.31,강남,서울특별시 서초구 신반포로 176 센트럴시티 신세계백화점 강남점 9층,"리튼, 더그란, 리빙, 가구, 소품, 피크닉, 신제품, 할인, 이벤트"
문화/예술,"Oasis Lab 팝업스토어 <Hey, pops!>",24.06.01 - 24.06.16,24.06.01,24.06.16,홍대,서울특별시 마포구 잔다리로3안길 12 1층 오아시스랩 카페,"오아시스랩, 김이로, 굿즈, 일러스트, 쇼핑, 카페"
뷰티,딘시 X 벨리곰 팝업스토어,24.06.01 - 24.06.30,24.06.01,24.06.30,제주,"제주특별자치도 제주시 공항로 2 제주국제공항 1층 3, 4번 게이트 사이","딘시, 벨리곰, 콜라보, 제주도, 제주공항, 이벤트, 여행, 관광, 화장품, 뷰티, 쇼핑"
스포츠/건강,리스테린 성수 팝업스토어,24.06.01 - 24.06.06,24.06.01,24.06.06,성수,서울특별시 성동구 연무장길 81 남경빌딩 1층,"리스테린, 무신사, 성수, 구강케어, 이벤트, 증정, 신이어마켙, 시니어, 굿즈, 쇼핑"
F&B,제로웨이스트 비건 팝업 마켓,24.06.01 - 24.06.01,24.06.01,24.06.01,강남,서울특별시 강남구 봉은사로 155 호텔 카푸치노,"호텔카푸치노, 비건, 제로웨이스트, 건강, 환경, 루프탑, 생맥주, 칵테일"
F&B,오크베리 팝업스토어,24.06.01 - 24.08.18,24.06.01,24.08.18,강남,서울특별시 강남구 테헤란로 517 현대백화점 무역센터점 지하1층,"오크베리, 음료, 아사이, 건강, 토핑, 글로벌"
기관/금융,아보카도 X 마루콜렉트 팝업스토어 <Money Clinic : 내 월급 처방전(展)>,24.06.03 - 24.07.05,24.06.03,24.07.05,강남,서울특별시 강남구 역삼로 180 MARU 180 1층,"아보카도, 마루콜렉트, 브랜드, 월급, 자산, 핀테크, 맞춤형, 투자, 월급관리, 스타트업, 이벤트"
리빙/라이프스타일,샤또닥스 팝업스토어,24.06.03 - 24.06.23,24.06.03,24.06.23,분당,경기도 성남시 분당구 판교역로146번길 20 현대백화점 판교점 8층,"샤또닥스, 소파, 가구, 이탈리아, 이벤트, 전시"
스포츠/건강,FC서울 팝업스토어,24.06.03 - 24.06.09,24.06.03,24.06.09,잠실,서울특별시 송파구 올림픽로 300 롯데월드타워앤드롯데월드몰 3층,"FC서울, 축구, 유니폼, 한정, 스페셜킷, 이벤트, 스포츠, 운동, 기성용, 린가드, 팬사인회"
F&B,하트 티라미수,24.06.03 - 24.07.14,24.06.03,24.07.14,여의도,서울특별시 영등포구 여의대로 108 더현대 서울 B1,"하트티라미수, 티라미수, 디저트"
패션/잡화,인디고션 블루 팝업스토어,24.06.03 - 24.06.13,24.06.03,24.06.13,강남,서울특별시 강남구 압구정로 165 현대백화점본점 지하2층 PS2 행사장,"인디고션블루, 패션, 옷, 쇼핑, 액세서리, 굿즈"
패션/잡화,김씨네과일 팝업스토어 in 명동,24.06.03 - 24.06.30,24.06.03,24.06.30,명동,서울특별시 중구 남대문로 67 롯데영플라자,"김씨네과일, 패션, 쇼핑, 옷, 꾸미기, 명동"
캐릭터/IP,RJ 웰컴 파티 팝업 in 홍대,24.06.04 - 24.07.01,24.06.04,24.07.01,홍대,서울특별시 마포구 양화로 141 롯데호텔 L7홍대 라인프렌즈 홍대 플래그십 스토어,"라인프렌즈, 라인프렌즈스퀘어, RJ, BT21, BTS, 캐릭터, 쇼핑, 굿즈, 인형"
캐릭터/IP,RJ 웰컴 파티 팝업 in 명동,24.06.04 - 24.07.01,24.06.04,24.07.01,명동,서울특별시 중구 명동길 43 신한은행 라인프렌즈 홍대 플래그십 스토어,"라인프렌즈, 라인프렌즈스퀘어, RJ, BT21, BTS, 캐릭터, 쇼핑, 굿즈, 인형"
리빙/라이프스타일,스탠리 무신사 홍대 팝업스토어,24.06.05 - 24.06.20,24.06.05,24.06.20,홍대,서울특별시 마포구 양화로 164 동덕타워 무신사 스토어 홍대,"스탠리, 텀블러, 홍대, 무신사, 쇼핑, 이벤트, 혜택, 경품"
문화/예술,전시 [Kamwei Fong : The Furry Thing],24.06.05 - 24.07.14,24.06.05,24.07.14,잠실,서울특별시 송파구 올림픽로 300 롯데월드타워앤드롯데월드몰 2층,"넥스트뮤지엄, 전시, 말레이시아, 동물, 드로잉, 원화, 굿즈, 귀여움, 반려동물"
F&B,농심 팝업스토어 <새우깡 어드벤처 in 고래섬>,24.06.05 - 24.06.23,24.06.05,24.06.23,성수,서울특별시 성동구 성수이로18길 6-1,"농심, 새우깡, 과자, 스낵, 간식, 디저트, 이벤트"
엔터테인먼트,뉴진스 How Sweet 팝업 in 신사,24.06.05 - 24.06.17,24.06.05,24.06.17,강남,서울특별시 강남구 강남대로160길 42 라인프렌즈 스퀘어 신사,"뉴진스, 아이돌, 여자아이돌, 가수, 앨범, 컴백, 신사, 라인프렌즈, 굿즈, 쇼핑"
패션/잡화,이구성수 팝업스토어 <모래를 밟기로 하였다>,24.06.05 - 24.06.30,24.06.05,24.06.30,성수,서울특별시 성동구 아차산로 78 남양에코넷센터 이구성수,"29CM, 이구성수, 패션, 옷, 쇼핑, Mmlg, KEEN, 콜라보"
캐릭터/IP,앵콜! 탄광마을 흰둥이 잠실 팝업스토어,24.06.05 - 24.06.16,24.06.05,24.06.16,잠실,서울특별시 송파구 올림픽로 300 롯데월드타워앤드롯데월드몰 1층,"짱구는못말려, 탄광마을, 흰둥이, 캐릭터, 굿즈, 쇼핑, 닌텐도, 게임, 애니메이션, 만화"
캐릭터/IP,24년 짱구는 못말려 잠실 팝업스토어,24.06.05 - 24.06.16,24.06.05,24.06.16,잠실,서울특별시 송파구 올림픽로 300 롯데월드타워앤드롯데월드몰 1층 아트리움,"짱구는못말려, 짱구, 캐릭터, 애니메이션, 만화, 이벤트, 포토존, 굿즈, 쇼핑"
문화/예술,경기아트센터 20주년 기념 기획전시 <인생사진관>,24.06.06 - 24.06.30,24.06.06,24.06.30,수원,경기도 수원시 팔달구 효원로307번길 20 경기아트센터 갤러리,"경기아트센터, 전시, 사진, 스튜디오, 포토부스, 촬영, 체험"
스포츠/건강,PSG코리아 더현대 팝업스토어,24.06.06 - 24.06.12,24.06.06,24.06.12,여의도,서울특별시 영등포구 여의대로 108 파크원 더현대 서울 지하2층 아이코닉존,"PSG, 파리생제르망, 저지, 클럽, 라이프스타일, 프로모션, 이벤트, 스포츠, 축구"
여행,아시아나 색동크루 팝업스토어,24.06.06 - 24.06.16,24.06.06,24.06.16,성수,서울특별시 성동구 서울숲2길 27,"아시아나항공, 항공, 비행기, 여행, 캐릭터, 색동크루, 서울숲"
패션/잡화,시엔느 X 산리오 캐릭터즈 팝업스토어,24.06.06 - 24.06.12,24.06.06,24.06.12,여의도,서울특별시 영등포구 여의대로 108 파크원 더현대 서울,"시엔느, 산리오, 캐릭터, 패션, 쇼핑, 옷, 콜라보"
패션/잡화,다이노탱 X 빅토리아슈즈 팝업스토어,24.06.06 - 24.06.16,24.06.06,24.06.16,한남,서울특별시 용산구 이태원로 230 무신사 스퀘어 한남,"다이노탱, 빅토리아슈즈, 쿼카, 콜라보, 캐릭터, 굿즈, 패션, 쇼핑, 사은품, 이벤트"
패션/잡화,락피쉬웨더웨어 부산 전포 팝업스토어,24.06.06 - 24.08.31,24.06.06,24.08.31,부산,부산광역시 부산진구 동성로71번길 38 락피쉬웨더웨어 부산점,"락피쉬, 패션, 쇼핑, 신발, 레인부츠, 여름, 전포사잇길, 이벤트, 할인, 부산, 락피쉬웨더웨어"
캐릭터/IP,나우인명동 X 스누피 마켓 팝업스토어,24.06.06 - 24.08.14,24.06.06,24.08.14,명동,서울특별시 중구 명동길 15 나우인명동,"나우인명동, 스누피, 보프렌즈, 캐릭터, 콜라보, 명동, 굿즈, 이벤트, 한정판"
기관/금융,2024 도시재생대학 팝업스토어,24.06.07 - 24.08.05,24.06.07,24.08.05,기타,경상남도 창원시 진해구 중원로 88-1,"도시재생, 뉴딜사업, 지역, 창원, 체험, 참여"
문화/예술,경로를 이탈하여 재탐색합니다,24.06.07 - 24.06.23,24.06.07,24.06.23,성수,서울특별시 성동구 서울숲6길 8-1 수덕빌딩 3층 ARBY,"최진영, 선우윤빈, 전시, 일러스트, 굿즈, 드로잉"
뷰티,더샘 성수 팝업스토어 (I am) THE SAEM,24.06.07 - 24.06.23,24.06.07,24.06.23,성수,서울특별시 성동구 연무장17길 5 1층,"더샘, 화장품, 뷰티, 선물, 피부, 진단, 테스트, 기부, 이벤트, 컨실러, 음료"
F&B,몽그레 더현대서울 팝업스토어,24.06.07 - 24.06.13,24.06.07,24.06.13,여의도,서울특별시 영등포구 여의대로 108 파크원 더현대서울,"몽그레, 제주, 찰보리과자, 과자, 디저트, 간식, 제주도, 굿즈"
F&B,우주 최초 괴식 페어링 짐빔괴식당,24.06.07 - 24.06.30,24.06.07,24.06.30,성수,서울특별시 성동구 성수일로 1,"짐빔, 하이볼, 맥주, 음식, 식당, 메뉴, 주류, 술"
엔터테인먼트,영화 <타로> 팝업스토어,24.06.07 - 24.06.16,24.06.07,24.06.16,강남,서울특별시 강남구 강남대로 426 진우빌딩 일상비일상의틈byU+ 1층,"타로, 영화, 극장, 강남, 스틸컷, 라떼, 운명, 이벤트"
패션/잡화,가든익스프레스 2024 SUMMER 팝업스토어,24.06.07 - 24.06.09,24.06.07,24.06.09,성수,서울특별시 성동구 연무장길 33 삼일금속영업부,"가든익스프레스, 여름, 패션, 쇼핑, 옷, 할인, 신제품, 이벤트, 사은품"
패션/잡화,슈마커 X 찌오 팝업스토어 : 슈마커랑 놀러가찌오,24.06.07 - 24.06.20,24.06.07,24.06.20,명동,서울특별시 중구 명동길 26 유네스코회관 슈마커플러스 명동점,"슈마커, 찌오, 찌그렁오리, 콜라보, 패션, 쇼핑, 신발, 캐릭터, 한정판, 굿즈, 이벤트"
패션/잡화,워브먼트 팝업스토어,24.06.07 - 24.07.04,24.06.07,24.07.04,부산,부산광역시 부산진구 가야대로 722 롯데백화점 부산 본점 7층,"워브먼트, 패션, 쇼핑, 옷, 이벤트, 할인, 증정, 부산"
캐릭터/IP,토이스토리 X TinyTAN 부산 팝업스토어,24.06.07 - 24.06.20,24.06.07,24.06.20,부산,부산광역시 해운대구 센텀남대로 35 신세계백화점센텀시티점,"토이스토리, 타이니탄, 콜라보, 위드스팟, 굿즈, 방탄소년단, BTS, 쇼핑, 포토존"
뷰티,록시땅 섬머 브리즈 라운지 팝업,24.06.08 - 24.06.18,24.06.08,24.06.18,성수,서울특별시 성동구 연무장길 81 남경빌딩 1층 무신사 스퀘어 성수2,"록시땅, 뷰티, 힐링, 여름, 청량, 클렌징, 프레시"
F&B,삼진어묵 <삼진포차 in 광안리>,24.06.09 - 24.11.02,24.06.09,24.11.02,부산,부산광역시 수영구 광안해변로 251 3층,"삼진어묵, 어묵, 포차, 삼진포차, 안주, 광안리"
뷰티,브레이 팝업스토어,24.06.10 - 24.06.23,24.06.10,24.06.23,성수,서울특별시 성동구 연무장길 33 삼일금속영업부 1층,"브레이, 패션, 쇼핑, 옷, 잡화, 증정, 이벤트"
엔터테인먼트,아이돌 서바이벌 I-LAND2 N/a 팝업스토어,24.06.10 - 24.06.16,24.06.10,24.06.16,여의도,서울특별시 영등포구 여의대로 108 파크원 더현대 서울 지하2층 사운드웨이브 카페,"아이돌, 케이팝, 서바이벌, I-LAND, 가수, 데뷔"
엔터테인먼트,잠뜰TV 10주년 팝업스토어,24.06.10 - 24.06.23,24.06.10,24.06.23,여의도,서울특별시 영등포구 여의대로 108 파크원 더현대 서울 지하1층 대행사장,"잠뜰TV, 10주년, 굿즈, 쇼핑, 더현대서울, 인생네컷, 포토존, 이벤트, 유튜브, 유튜버, 픽셀리"
패션/잡화,미쏘 썸머 바캉스 팝업 <MIXXO in Bali>,24.06.10 - 24.06.30,24.06.10,24.06.30,부천,경기도 부천시 원미구 길주로 180 현대백화점 중동점 유플렉스 1층,"미쏘, 패션, 쇼핑, 옷, 여름, 바캉스, 이벤트, 포토부스, 할인"
F&B,추억의 분식 팝업,24.06.11 - 24.06.11,24.06.11,24.06.11,강남,서울특별시 강남구 도산대로53길 19 2층 금토일샴페인빠 압구정점,"추억의분식, 분식, 셰프, 여성셰프, 식품, 메뉴, 음식, 주류, 술, 콜라보"
패션/잡화,마뗑킴 팝업스토어,24.06.11 - 24.06.30,24.06.11,24.06.30,잠실,서울특별시 송파구 올림픽로 300 롯데월드타워앤드롯데월드몰 에비뉴엘 지하1층 팝업존,"마뗑킴, MatinKim, 패션, 쇼핑, 스트릿, 그래피티, 빈티지, 사은품, 이벤트"
패션/잡화,벤시몽 팝업스토어 summer piknic,24.06.11 - 24.06.30,24.06.11,24.06.30,명동,서울특별시 중구 퇴계로6가길 30 피크닉 지하1층,"벤시몽, 패션, 쇼핑, 신발, 이벤트, 여름, 레인부츠, 할인"
캐릭터/IP,플레이인더박스 포켓몬 컨셉스토어 in 더현대서울,24.06.11 - 24.07.04,24.06.11,24.07.04,여의도,서울특별시 영등포구 여의대로 108 파크원 더현대 서울 5층 플레이인더박스,"포켓몬스터, 애니메이션, 캐릭터, 만화, 플레이인더박스, 콜라보, 컨셉스토어, 네컷사진, 피크닉, 굿즈, 쇼핑, DIY, 키링"
캐릭터/IP,플레이인더박스 포켓몬 컨셉스토어 in 코엑스,24.06.11 - 24.07.04,24.06.11,24.07.04,강남,서울특별시 강남구 영동대로 513 코엑스 지하2층 플레이인더박스 메가박스 코엑스점,"포켓몬스터, 애니메이션, 캐릭터, 만화, 플레이인더박스, 콜라보, 컨셉스토어, 네컷사진, 피크닉, 굿즈, 쇼핑, DIY, 키링"
리빙/라이프스타일,페이퍼어드벤처 시즌3 무해월드 in 고양,24.06.12 - 24.06.25,24.06.12,24.06.25,기타,경기도 고양시 덕양구 고양대로 1955 스타필드 고양,"무림페이퍼, 무해월드, 페이퍼어드벤처, 스타필드, 포토존, 클래스, 체험, 저탄소, 종이접기, 네모아저씨"
F&B,아이시스8.0 업사이클링 팝업트럭,24.06.12 - 24.06.16,24.06.12,24.06.16,성수,서울특별시 성동구 연무장1길 7-1,"롯데칠성음료, 아이시스, 생수, 공간와디즈, 업사이클링, 분리배출, 분리수거, 환경보호, 환경, 사전예약, 이벤트"
패션/잡화,예거 르쿨트르 팝업스토어 <The Adventure Spirit>,24.06.12 - 24.06.25,24.06.12,24.06.25,잠실,서울특별시 송파구 올림픽로 300 롯데월드타워앤드롯데월드몰 월드파크 잔디광장,"예거르쿨트르, 패션, 쇼핑, 시계, 스포츠워치, 잠실, 체험"
캐릭터/IP,이나피스퀘어 : WORK OUR WORK,24.06.12 - 24.07.30,24.06.12,24.07.30,홍대,서울특별시 마포구 와우산로35길 13 오브젝트 서교점,"이나피스퀘어, 캐릭터, 일러스트, 드로잉, 굿즈, 다꾸, 쇼핑"
캐릭터/IP,슈퍼배드4 왕크왕크 악당 처리반 EVENT,24.06.12 - 24.07.30,24.06.12,24.07.30,잠실,서울특별시 송파구 올림픽로 300 롯데시네마 월드타워점,"슈퍼배드, 미니언즈, 영화, 캐릭터, 포토존, 이벤트"
캐릭터/IP,슈퍼배드4 미니 악당퇴치본부 EVENT,24.06.12 - 24.07.31,24.06.12,24.07.31,용산,서울특별시 용산구 한강대로23길 55 아이파크몰 용산점 6층 CGV 용산아이파크몰,"슈퍼배드, 미니언즈, 영화, 캐릭터, 포토존, 이벤트"
기관/금융,토스 팝업스토어 : THE MONEY BOOK CAFE,24.06.13 - 24.06.16,24.06.13,24.06.16,성수,서울특별시 성동구 연무장길 46 성수 프리미스,"토스, 토스뱅크, 은행, 금융, 머니북, 경품, 이벤트, 재테크, 전시, 포토존"
캐릭터/IP,옵젵상가 X 최고심 부산 팝업스토어 [속마음 비밀해제],24.06.13 - 24.07.31,24.06.13,24.07.31,부산,부산광역시 부산진구 전포대로255번길 41 전포상가 D동 116호,"최고심, 옵젵상가, 오브젝트, 캐릭터, 굿즈, 다꾸, 와펜, DIY, 꾸미기, 부산"
리빙/라이프스타일,"Alloso 4th Exhibition l Blue Moment, Darling",24.06.14 - 24.06.15,24.06.14,24.06.15,강남,서울특별시 강남구 논현로132길 5 윤현상재 머티리얼 라이브러리,"전시, 알로소, 일상, 쉼, 휴식, 소파, 파란색, 가구, 인테리어"
리빙/라이프스타일,이상한 나라의 지구랜드,24.06.14 - 24.06.16,24.06.14,24.06.16,성수,서울특별시 성동구 뚝섬로 404 스노화이트성수1,"지구랜드, 환경보호, 지구, 환경, 지속가능, 전시, 코코콘, 사전예약, 이벤트, 혜택, 누스미크, 단자리, 랜들리, 예아네꽃, 지구자판기, 치공"
뷰티,힌스 팝업스토어 BLUE DIVE,24.06.14 - 24.06.23,24.06.14,24.06.23,성수,"서울특별시 성동구 연무장길 31-1 금호아파트 1층, 카페 517랩","힌스, 뷰티, 화장품, 이벤트, 증정, 시원함, 에디션, 여름, 엔하이픈, 성훈"
F&B,브로트아트 팝업스토어,24.06.14 - 24.06.27,24.06.14,24.06.27,잠실,서울특별시 송파구 올림픽로 240 롯데월드 롯데백화점 잠실점 지하1층 식품관 팝업존,"브로트아트, 신메뉴, 빵, 베이커리, 디저트, 간식"
F&B,베베씨의 베이커리,24.06.14 - 24.06.29,24.06.14,24.06.29,성수,서울특별시 성동구 연무장17길 10 LCDC 1층,"베어베터, 발달장애인, 베이킹, 수제쿠키, 구움과자, 디저트, 간식"
엔터테인먼트,파묘: 그곳의 뒤편,24.06.14 - 24.06.23,24.06.14,24.06.23,성수,서울특별시 성동구 성수이로18길 20 세원정밀,"파묘, 영화, 김고은, 최민식, 유해진, 이도현, 굿즈, 전시, 무속, 오컬트"
엔터테인먼트,RIIZE X EVERLINE 팝업스토어,24.06.14 - 24.06.23,24.06.14,24.06.23,수원,경기도 수원시 장안구 수성로 175 스타필드 수원 1층 그랜드 아트리움,"라이즈, 에버라인, 아이돌, 남자아이돌, 앨범, 컴백, 굿즈, 쇼핑, 브리즈"
여행,크래쉬배기지 팝업스토어,24.06.14 - 24.06.30,24.06.14,24.06.30,여의도,서울특별시 영등포구 여의대로 108 파크원 더현대 서울 2층,"크래쉬배기지, crashbaggage, 여행, 가방, 캐리어, 이벤트, 사은품, 할인"
패션/잡화,웨비X엄브로 : 엄브로 100주년 기념 팝업스토어,24.06.14 - 24.07.06,24.06.14,24.07.06,부산,부산광역시 해운대구 센텀남대로 35 신세계백화점센텀시티점 지하2층 중앙광장,"신세계백화점, 엄브로, 축구, 정통, 스포츠, 유니폼, 패션, 쇼핑, 웨비, 전시"
패션/잡화,PISCESS X NICE WEATHER 더현대대구,24.06.14 - 24.07.31,24.06.14,24.07.31,대구,대구광역시 중구 달구벌대로 2077 더현대 대구 B2,"파이시스, 나이스웨더, 패션, 의류, 콜라보, 여름, 굿즈, 바캉스"
기관/금융,황금도토리를 찾아라 팝업스토어,24.06.15 - 24.06.21,24.06.15,24.06.21,기타,경상남도 창원시 성산구 용호로 96 가로수길 일대(스펀지파크),"BNK경남은행, 경남은행, 금융, 은행, 창원, 문화, 청년, 굿즈, 캐릭터, 공연, 플리마켓, 지역, 예술, 청년, 체험, 기부"
엔터테인먼트,AOMG MOST WANTED 2024 바이닐 팝업스토어,24.06.15 - 24.06.16,24.06.15,24.06.16,한남,서울특별시 용산구 이태원로 266 카시나,"AOMG, 레이블, 카시나, 음악, 페스티벌, 우원재, 이하이, 박재범, 사이먼도미닉, 로꼬, 그레이, 앨범"
패션/잡화,론론 팝업스토어,24.06.15 - 24.06.19,24.06.15,24.06.19,성수,서울특별시 성동구 성수이로18길 43 무신사 스퀘어 성수3,"론론, 패션, 쇼핑, 디즈니, 콜라보, 이벤트, 증정"
캐릭터/IP,이토 준지 호러하우스,24.06.15 - 24.09.08,24.06.15,24.09.08,홍대,서울특별시 마포구 양화로 186 LC TOWER 지하3층,"이토준지, 호러, 만화, 드로잉, 전시, 애니메이션, 체험, 얼리버드, 사전예약, 공포, 굿즈, 쇼핑"
문화/예술,국립중앙박물관 특별전 <우리가 인디언으로 알던 사람들>,24.06.18 - 24.10.09,24.06.18,24.10.09,용산,서울특별시 용산구 서빙고로 137 국립중앙박물관 기획전시실,"국립중앙박물관, 전시, 인디언, 북미, 문화, 공예품, 회화, 원주민"
엔터테인먼트,세븐틴 정한X원우 THIS MAN 팝업스토어,24.06.18 - 24.06.24,24.06.18,24.06.24,여의도,서울특별시 영등포구 영중로 15 타임스퀘어 1층 아트리움,"세븐틴, 윤정한, 전원우, 아이돌, 남자아이돌, 앨범, 음악, 이벤트, 포토카드, 굿즈"
엔터테인먼트,푸바오 팝업스토어 <바오패밀리>,24.06.18 - 24.06.30,24.06.18,24.06.30,여의도,서울특별시 영등포구 여의대로 108 파크원 더현대 서울 5층 에픽 서울,"에버랜드, 판다, 동물원, 푸바오, 바오패밀리, 아이바오, 러바오, 루이바오, 후이바오, 굿즈, 사전예약, 포토존"
전자제품/자동차,드리미 X40 울트라 잠실 팝업스토어,24.06.18 - 24.06.30,24.06.18,24.06.30,잠실,서울특별시 송파구 올림픽로 300 롯데월드타워앤드롯데월드몰 1층 애플매장 맞은편,"드리미, 신제품, 가전제품, 로봇청소기, 청소기, 이벤트, 잠실"
패션/잡화,OJOS X FILA 팝업스토어,24.06.18 - 24.06.24,24.06.18,24.06.24,여의도,서울특별시 영등포구 여의대로 108 파크원 더현대 서울,"오호스, 휠라, 커스텀, 신발, 패션, 쇼핑, 운동화, 슈즈, 이벤트, 할인, 증정"
캐릭터/IP,명탐정코난 30주년 기념 팝업스토어,24.06.18 - 24.07.01,24.06.18,24.07.01,여의도,서울특별시 영등포구 여의대로 108 파크원 더현대 서울 6층 언커먼스토어,"명탐정코난, 만화, 애니메이션, 추리, 탐정, 30주년, 굿즈, 쇼핑"
도서/문구,소소히히 팝업스토어 in 서면,24.06.19 - 24.09.04,24.06.19,24.09.04,부산,부산광역시 부산진구 전포대로199번길 34 카페 라비앙로즈 메이드바이 서면,"소소히히, 굿즈, 다꾸, 스티커, 메이드바이, 이벤트, 신상품, 쇼핑, 부산, 서면"
도서/문구,소소히히 팝업스토어 in 홍대,24.06.19 - 24.09.04,24.06.19,24.09.04,홍대,서울특별시 마포구 연희로 11 한국특허기술진흥원빌딩 1층 메이드바이 홍대,"소소히히, 굿즈, 다꾸, 스티커, 메이드바이, 이벤트, 신상품, 쇼핑, 홍대"
리빙/라이프스타일,더콘란샵 X NOUNOU 팝업스토어 <Let's GO NOUNOU>,24.06.19 - 24.07.21,24.06.19,24.07.21,강남,서울특별시 강남구 도곡로 401 롯데백화점 강남점 1층 더콘란샵 강남점,"더콘란샵, 누누, 장줄리앙, 허재영, 콜라보, 바캉스, 여름, 글라스, 쇼핑, 굿즈"
기관/금융,초록믿음강진 팝업스토어 [THE 信 LIFE],24.06.20 - 24.06.30,24.06.20,24.06.30,종로,서울특별시 종로구 북촌로5길 18 코너갤러리 1층,"초록믿음강진, 전라남도, 지역, 강진, 관광, 쇼핑, 문화, 농산물, 해산물, 굿즈, 이벤트, 전시"
도서/문구,소소히히 팝업스토어 in 성수,24.06.20 - 24.09.04,24.06.20,24.09.04,성수,서울특별시 성동구 서울숲길 38 2층 메이드바이 성수,"소소히히, 굿즈, 다꾸, 스티커, 메이드바이, 이벤트, 신상품, 쇼핑, 성수"
리빙/라이프스타일,돌레란에 잠만보 침대가 나타났다!,24.06.20 - 24.07.31,24.06.20,24.07.31,강남,서울특별시 강남구 학동로 103 1층 돌레란 플래그십스토어 논현,"돌레란, 페블, 침대, 잠만보, 포켓몬, 포켓몬스터, 캐릭터, 콜라보, 이벤트"
F&B,호세 쿠엘보 팝업스토어,24.06.20 - 24.06.30,24.06.20,24.06.30,잠실,서울특별시 송파구 올림픽로 300 롯데월드타워앤드롯데월드몰,"호세쿠엘보, 데킬라, 주류, 술, 성인, 잠실, 멕시코, 증류소, 체험, 이벤트"
패션/잡화,케즈 X 제인마치 팝업스토어 Merry Go Keds Janemarch,24.06.20 - 24.06.30,24.06.20,24.06.30,성수,서울특별시 성동구 성수일로3길 8 제인마치,"케즈, 제인마치, 콜라보, 쇼핑, 신발, 패션, 스니커즈, 이벤트"
캐릭터/IP,원피스 애니메이션 25주년 기념 팝업스토어,24.06.20 - 24.06.26,24.06.20,24.06.26,여의도,서울특별시 영등포구 여의대로 108 파크원 더현대 서울 지하2층 아이코닉존,"원피스, 애니메이션, 만화, 25주년, 캐릭터, 굿즈, 쇼핑, 이벤트, 포토존, 오다에이치로, 오다"
도서/문구,페이퍼메세지 X 프렐류드 팝업스토어 <안녕하세요 대전>,24.06.21 - 24.09.01,24.06.21,24.09.01,대전,대전광역시 중구 중앙로129번길 30 1층,"페이퍼메세지, 프렐류드, 다꾸, 소품, 문구류, 굿즈, 대전, 체험"
리빙/라이프스타일,더블하트 연구소,24.06.21 - 24.06.23,24.06.21,24.06.23,하남,경기도 하남시 미사대로 750 스타필드 하남 1층 애플스토어 앞,"스타필드, 하남, 더블하트, 연구소, 더블하트연구소, 더블하트 연구소, 육아, 육아용품, 팝업, 굿즈, 주말, 명예연구원, 쪽쪽이, doubleheart"
리빙/라이프스타일,테팔 드 프랑스 팝업스토어,24.06.21 - 24.07.04,24.06.21,24.07.04,명동,서울특별시 중구 남대문로 81 롯데백화점 본점 8층 더 웨이브 팝업존,"테팔, 주방, 주방용품, 파리, 감성, 이벤트, 파리올림픽"
문화/예술,"전시 <reSOUND: 울림, 그 너머>",24.06.21 - 24.08.25,24.06.21,24.08.25,명동,서울특별시 중구 통일로 1 서울역(본옥) 문화역서울284,"문화역서울284, 전시, 감각, 디지털미디어, 디스트릭트, 협업, 문화예술, 이벤트"
뷰티,매드피치 팝업스토어,24.06.21 - 24.06.30,24.06.21,24.06.30,성수,서울특별시 성동구 연무장길 81 남경빌딩 1층 무신사 스퀘어 성수,"매드피치, 화장품, 뷰티, 아름다움, 쿠션, 신제품"
뷰티,네이밍 팝업스토어 ‘EXPLORE YOUR TYPE’,24.06.21 - 24.06.30,24.06.21,24.06.30,성수,서울특별시 성동구 서울숲길 53,"네이밍, 화장품, 뷰티, 쿠션, 이벤트, 증정, 럭키드로우"
뷰티,리쥬란 코스메틱 팝업스토어,24.06.21 - 24.06.30,24.06.21,24.06.30,명동,서울특별시 중구 남대문로 81 롯데백화점 본점 지하1층 팝업존,"리쥬란, 화장품, 뷰티, 피부, 연어, 아름다움, 이벤트, 명동"
엔터테인먼트,나연 'NA' 팝업스토어,24.06.21 - 24.06.26,24.06.21,24.06.26,성수,서울특별시 성동구 왕십리로 104 영화빌딩 1층 영화104,"나연, 트와이스, 아이돌, 여자아이돌, 가수, 앨범, 음악, 컴백, 이벤트, 굿즈, 쇼핑"
패션/잡화,리무브 팝업스토어 For FREE,24.06.21 - 24.06.23,24.06.21,24.06.23,성수,서울특별시 성동구 연무장3길 3 1층,"리무브, 패션, 쇼핑, 속옷, 언더웨어, 이지브라, 이벤트"
패션/잡화,비자레이매지네이션 팝업스토어,24.06.21 - 24.06.30,24.06.21,24.06.30,강남,서울특별시 강남구 압구정로 343 갤러리아백화점 명품관 WEST 2층,"비자레이매지네이션, 패션, 쇼핑, 옷, 신상품, OURPAS, 콜라보"
패션/잡화,스컬피그 X 히밥 팝업스토어,24.06.21 - 24.06.30,24.06.21,24.06.30,성수,서울특별시 성동구 성수일로 40 스컬피그 성수테라스점,"스컬피그, 히밥, 콜라보, 유튜버, 패션, 쇼핑, 옷, 이벤트, 한정판, 사인회, 분식"
캐릭터/IP,케이스티파이 X 헬로키티 팝업스토어 : 헬로 케이스티마트,24.06.21 - 24.06.30,24.06.21,24.06.30,명동,서울특별시 중구 남대문로 81 롯데백화점 본점 지하1층,"케이스티파이, 헬로키티, 콜라보, 산리오, 캐릭터, 굿즈, 이벤트, 핸드폰케이스, 케이스"
캐릭터/IP,티니핑 팝업스토어 <캐치! 티니핑 드림페스타>,24.06.21 - 24.07.04,24.06.21,24.07.04,대전,대전광역시 유성구 테크노중앙로 123 현대프리미엄아울렛 대전점,"캐치티니핑, 티니핑, 캐릭터, 애니메이션, 만화, 키즈, 어린이, 가족, 이벤트, 포토존, 싱어롱, 컬러링, 영화"
패션/잡화,무진장 여름 블랙 프라이데이 팝업스토어,24.06.22 - 24.07.03,24.06.22,24.07.03,성수,서울특별시 성동구 성수이로20길 12 스퀘어 성수,"무신사, 패션, 쇼핑, 옷, 여름, 할인, 이벤트, 무진장라이브"
캐릭터/IP,팝퍼블 X 원피스 콜라보 카페,24.06.22 - 24.09.01,24.06.22,24.09.01,용산,서울특별시 용산구 한강대로23길 55 용산역 아이파크몰 6층 팝퍼블 용산점,"팝퍼블, 원피스, 콜라보, 캐릭터, 애니메이션, 만화, 음료, 디저트, 메뉴, 25주년, 이벤트, 특전"
기관/금융,오래오래함께가게 팝업스토어 in 더현대,24.06.24 - 24.06.30,24.06.24,24.06.30,여의도,서울특별시 영등포구 여의대로 108 파크원 더현대 서울 지하1층 이벤트홀,"카카오페이, 함께일하는재단, 상생, 소상공인, 캐릭터, 포토존, 이벤트, 쇼핑, 굿즈, 전시"
F&B,플디 X 산타마리아노벨라 콜라보 (압구정),24.06.24 - 24.07.14,24.06.24,24.07.14,강남,서울특별시 강남구 선릉로153길 11 플디 케이크샵 압구정점,"플디, 산타마리아노벨라, 콜라보, 디저트, 복숭아, 버터바, 케이크, 이벤트"
F&B,플디 X 산타마리아노벨라 콜라보 (한남),24.06.24 - 24.07.14,24.06.24,24.07.14,한남,서울특별시 용산구 이태원로 254 B1 플디 한남점,"플디, 산타마리아노벨라, 콜라보, 디저트, 복숭아, 버터바, 케이크, 이벤트"
엔터테인먼트,영화 <탈주> 코엑스 별마당길 탈주런,24.06.24 - 24.07.07,24.06.24,24.07.07,강남,서울특별시 강남구 영동대로 513 코엑스 스타필드 코엑스몰 별마당길,"탈주, 영화, 이제훈, 구교환, 코엑스, 별마당, 이벤트, 경품"
기관/금융,K-museums 공동기획전 <노릇노릇 부산>,24.06.25 - 24.12.01,24.06.25,24.12.01,부산,부산광역시 동래구 우장춘로 175 부산해양자연사박물관 기획전시실(2관 3층),"부산, 부산해양자연사박물관, 국립민속박물관, 전시, 고등어, 해양수산, 문화, 어시장"
기타,로컬러 팝업스토어,24.06.26 - 24.06.30,24.06.26,24.06.30,홍대,서울특별시 마포구 동교로38길 19 스몰타운스몰,"로컬러, 지역, 캐릭터, 굿즈, 이벤트, 연남, 마스코트"
F&B,피자빵 팝업스토어,24.06.26 - 24.06.30,24.06.26,24.06.30,대구,대구광역시 중구 경상감영길 8 수맥상재 무영당,"폭폭이, 제리, 베베, 콜라보, 대구, 이벤트, 소품, 굿즈, 다꾸, 스티커"
엔터테인먼트,뉴진스 How Sweet 팝업 in 명동,24.06.26 - 24.07.10,24.06.26,24.07.10,명동,서울특별시 중구 명동길 43 신한은행 라인프렌즈 스퀘어 명동,"뉴진스, 아이돌, 여자아이돌, 가수, 앨범, 컴백, 명동, 라인프렌즈, 굿즈, 쇼핑"
리빙/라이프스타일,페이퍼어드벤처 시즌3 무해월드 in 수원,24.06.27 - 24.07.10,24.06.27,24.07.10,수원,경기도 수원시 장안구 수성로 175 스타필드 수원점,"무림페이퍼, 무해월드, 페이퍼어드벤처, 스타필드, 포토존, 클래스, 체험, 저탄소, 종이접기, 네모아저씨, 타일러라쉬, 기후위기"
리빙/라이프스타일,오롯이도로시 성수 포레스트 팝업스토어,24.06.27 - 24.07.31,24.06.27,24.07.31,성수,서울특별시 성동구 서울숲 2길 11-16 AEIAO 1층,"오롯이도로시, 리빙, 친환경, 라이프스타일, 이벤트"
엔터테인먼트,눈물의 여왕 팝업스토어,24.06.27 - 24.07.03,24.06.27,24.07.03,여의도,서울특별시 영등포구 여의대로 108 파크원 더현대 서울 지하2층 아이코닉존,"tvN, 티비엔, 드라마, 눈물의여왕, 김수현, 김지원, 로맨스, 굿즈, 이벤트"
엔터테인먼트,투어스 팝업 : TWS 있잖아 오늘부터 POP-UP,24.06.27 - 24.07.10,24.06.27,24.07.10,여의도,서울특별시 영등포구 여의대로 108 파크원 더현대 서울,"투어스, TWS, 아이돌, 남자아이돌, 앨범, 노래, 가수, 포토존, MD, 굿즈, 쇼핑, 이벤트, 플레디스"
캐릭터/IP,2024 주술회전 팝업스토어 in 더현대 서울,24.06.27 - 24.07.03,24.06.27,24.07.03,여의도,서울특별시 영등포구 여의대로 108 파크원 더현대 서울,"주술회전, 애니메이션, 만화, 캐릭터, 굿즈, 쇼핑, 이벤트, 대원미디어, 아쿠타미게게, 게게, 더현대서울"
캐릭터/IP,오둥이 팝업스토어 <오둥이의 아르바이트>,24.06.27 - 24.07.10,24.06.27,24.07.10,여의도,서울특별시 영등포구 여의대로 108 파크원 더현대 서울 지하5층 스와로브스키 매장 앞,"오둥이, 캐릭터, 굿즈, 쇼핑, 다꾸, 이벤트"
기관/금융,건강보험심사평가원 팝업스토어 <히라클 유토피아>,24.06.28 - 24.07.07,24.06.28,24.07.07,성수,서울특별시 성동구 연무장15길 11 태광산업 에스팩토리 D동 1층 GLASS HOUSE,"건강보험심사평가원, 건강, 이벤트, AR, 의료, 체험, 질병, 원인"
도서/문구,플러트 X 익선 팝업스토어 #03,24.06.28 - 24.07.07,24.06.28,24.07.07,종로,서울특별시 종로구 돈화문로11나길 28-1 1호 익선스페이스,"플러트, 익선, 종로, 굿즈, 이벤트, 유니크, 트렌디"
도서/문구,알비 팝업스토어 <알비마켓 - 6월의 여름방학가게>,24.06.28 - 24.07.07,24.06.28,24.07.07,성수,서울특별시 성동구 서울숲6길 8-1 수덕빌딩 3층 ARBY,"알비, 굿즈, 다꾸, 여름, 귀여움, 작가, 콜라보, 이벤트, 럭키드로우"
스포츠/건강,링티수분연구소 팝업스토어,24.06.28 - 24.07.11,24.06.28,24.07.11,수원,경기도 수원시 장안구 수성로 175 스타필드 수원 1층 E구역,"링티, 수분, 이벤트, 테스트, 음료, 뽑기, 건강, 헬스"
F&B,불범 팝업스토어,24.06.28 - 24.07.04,24.06.28,24.07.04,여의도,서울특별시 영등포구 여의대로 108 파크원 더현대 서울 지하1층 식품관,"불범, 음식, 메뉴, 시식, 이벤트, 김치, 매운김치"
F&B,쿠키런: 모험의 탑 X 노티드 팝업스토어,24.06.28 - 24.07.11,24.06.28,24.07.11,잠실,서울특별시 송파구 올림픽로 300 롯데월드타워앤드롯데월드몰 5층 노티드월드,"쿠키런, 노티드월드, 콜라보, 도넛, 간식, 게임, 캐릭터, 굿즈, 이벤트, 포토존"
엔터테인먼트,스테이씨 Metamorphic 팝업스토어 Part. 1,24.06.28 - 24.07.07,24.06.28,24.07.07,성수,서울특별시 성동구 연무장5길 20 카페 쎈느,"스테이씨, 아이돌, 여자아이돌, 가수, 앨범, 음악, 컴백, 굿즈, 쇼핑, 이벤트, 쎈느, 콜라보, STAYC"
여행,코베아 X 모앤모 팝업스토어 <KAMPING AND MORE>,24.06.28 - 24.07.07,24.06.28,24.07.07,용산,서울특별시 용산구 한강대로23길 55 용산역 아이파크몰 용산 리빙파크 3층,"코베아, 모앤모, 캠핑, 취미, 아이파크몰, 용산, 이벤트, 사은품, 텐트"
여행,MAGNANI X THE HYUNDAI,24.06.28 - 24.07.17,24.06.28,24.07.17,여의도,서울특별시 영등포구 여의대로 108 더현대 서울 5층 사운즈 포레스트,"마그나니, 파라솔, 여름, 바캉스"
전자제품/자동차,니콘 헤리티지 라인 캠페인 <오래된 취미>전,24.06.28 - 24.07.07,24.06.28,24.07.07,성수,서울특별시 성동구 연무장17길 4 LES601 성수,"니콘, 카메라, 촬영, 전시, 취미, 신제품, 미션, 이벤트, 굿즈, 체험"
패션/잡화,바버 Barbour 팝업스토어,24.06.28 - 24.07.11,24.06.28,24.07.11,잠실,서울특별시 송파구 올림픽로 240 롯데백화점 잠실점 2층 The Wave 매장,"바버, 레인부츠, 신발, 슈즈, 패션, 영국, 여름, 증정품"
패션/잡화,STARTER 팝업스토어,24.06.28 - 24.07.11,24.06.28,24.07.11,성수,서울특별시 성동구 연무장15길 1 EQL 성수점,"스타터, STARTER, 패션, 의류, 스포츠, 이벤트"
패션/잡화,PSG X 오버더피치 팝업스토어,24.06.28 - 24.07.25,24.06.28,24.07.25,성수,서울특별시 성동구 연무장15길 11 EQL 성수점,"PSG, 파리생제르망, 오버더피치, 콜라보, 컬렉션, 패션, 스포츠, 이벤트"
캐릭터/IP,전략적 팀 전투 팝업스토어 : 펭구의 다섯 살 생일파티,24.06.28 - 24.06.30,24.06.28,24.06.30,성수,서울특별시 성동구 성수이로18길 6-1 연무공장시설,"전략적팀전투, 게임, 펭구, 캐릭터, 포토존, 럭키드로우, 이벤트"
캐릭터/IP,꼬따꼬뜨플래닛 X 애니랜드 팝업스토어,24.06.28 - 24.07.14,24.06.28,24.07.14,수원,경기도 수원시 팔달구 덕영대로 924 AK플라자 수원 5층 애니랜드,"꼬따꼬뜨플래닛, 애니랜드, 지브리, 캐릭터, 굿즈, 다꾸, 이벤트"
캐릭터/IP,부스럭 X 우주먼지_부스럭 월드몰점,24.06.28 - 24.07.31,24.06.28,24.07.31,잠실,서울특별시 송파구 올림픽로 240 B1F 롯데월드 정문 매표소 앞,"우주먼지, 캐릭터, 굿즈, 인형, 다꾸, 포토부스, 이벤트, 사인회"
캐릭터/IP,부스럭 X 우주먼지_부스럭 어드벤처점,24.06.28 - 24.07.31,24.06.28,24.07.31,잠실,서울특별시 송파구 올림픽로 300 롯데월드타워 1F 잔디광장 앞,"우주먼지, 캐릭터, 굿즈, 인형, 다꾸, 포토부스, 이벤트, 사인회"
캐릭터/IP,원피스 대해적시대展,24.06.29 - 24.11.03,24.06.29,24.11.03,용산,서울특별시 용산구 한강대로23길 55 용산역 아이파크몰 용산점 6층 팝콘D스퀘어,"원피스, 전시, 만화, 애니메이션, 아시아투어, 미니극장, 상영"
스포츠/건강,코랄리에 성수 팝업스토어,24.06.30 - 24.07.14,24.06.30,24.07.14,성수,서울특별시 성동구 연무장길 36 연무장 토우드,"코랄리에, 토우드, 성수, 치약, 바캉스, 여행, 할인, 포토존"
